Date,Close,Volume,Diff,Volatility
20100104,1.0645,0.5538,0.0075,0.0112
20100105,1.0798,1.2915,-0.0048,0.0169
20100106,1.1027,1.0659,0.0145,0.0181
20100107,1.0649,1.0323,-0.0333,0.0333
20100108,1.0738,0.6915,0.0012,0.0183
20100111,1.0416,0.9349,-0.0292,0.0317
20100112,1.0562,0.9046,0.0151,0.0176
20100113,1.0398,0.632,-0.0099,0.0112
20100114,1.0779,1.2585,0.0261,0.0385
20100115,1.0966,0.9461,0.012,0.0168
20100118,1.097,0.6232,0.0036,0.0214
20100119,1.0703,0.5754,-0.0318,0.0329
20100120,1.0837,0.9151,0.0134,0.017
20100121,1.1033,0.8109,0.0366,0.0366
20100122,1.07,1.1207,-0.0179,0.0321
20100125,1.0915,0.9855,0.0319,0.0404
20100126,1.056,0.8997,-0.0366,0.0402
20100127,1.0363,0.888,-0.0184,0.0209
20100128,1.0461,0.6654,0,0.0149
20100129,1.0149,1.0968,-0.02,0.0263
20100201,1.0059,1.1952,-0.0089,0.0255
20100202,0.9995,0.9378,-0.0228,0.0253
20100203,1.0062,0.7933,-0.0064,0.0217
20100204,1.0051,0.577,0.0013,0.0142
20100205,0.9716,1.2407,-0.0106,0.0185
20100208,0.9693,1.061,0.0013,0.0174
20100209,0.9865,0.8219,0.0174,0.0254
20100210,0.9794,0.6463,-0.0105,0.0157
20100211,0.9904,0.6594,0.0079,0.0119
20100212,0.9742,1.1374,-0.0222,0.0287
20100216,0.9828,0.3873,0.008,0.0147
20100217,1.0133,0.7023,0.0091,0.0194
20100218,1.0084,0.3668,-0.0051,0.0116
20100219,0.9893,0.5663,-0.0117,0.0234
20100222,1.0066,0.5896,0.0013,0.0104
20100223,0.9993,0.6426,-0.009,0.0233
20100224,0.9806,0.773,-0.0092,0.0145
20100225,0.9605,0.994,-0.0239,0.0318
20100226,0.9709,0.8164,0.0054,0.0203
20100302,1.0045,1.2439,0.0118,0.0237
20100303,1.0051,0.5212,0,0.013
20100304,0.9916,0.5603,-0.013,0.0208
20100305,1.0096,0.652,0.0157,0.0157
20100308,1.0234,1.0858,-0.0051,0.0089
20100309,1.023,0.68,-0.0013,0.0127
20100310,1.0202,0.6363,-0.0025,0.0115
20100311,1.0124,1.0981,-0.0152,0.0203
20100312,1.012,0.5637,0,0.0167
20100315,0.9988,0.7128,-0.0179,0.0243
20100316,0.9947,0.9364,-0.0039,0.0156
20100317,1.0367,1.2387,0.0337,0.035
20100318,1.0345,0.8758,0.0025,0.0151
20100319,1.0427,0.6137,0.0037,0.0112
20100322,1.0382,0.5292,-0.0025,0.0149
20100323,1.0477,0.5726,0.0025,0.0124
20100324,1.0593,0.9245,0.0049,0.0147
20100325,1.0579,0.558,0.0049,0.016
20100326,1.0579,0.6227,-0.0036,0.0158
20100329,1.0539,0.4663,0.0099,0.0185
20100330,1.0476,0.725,-0.0157,0.0206
20100331,1.0516,1.3033,0.0049,0.0258
20100401,1.0844,1.676,0.023,0.0254
20100402,1.0979,1.2462,0.013,0.0225
20100405,1.1125,0.9046,0.0105,0.0151
20100406,1.1093,0.983,-0.0057,0.016
20100407,1.0948,1.1544,-0.0069,0.0197
20100408,1.0978,0.8053,0.007,0.0117
20100409,1.087,0.8285,-0.0093,0.0208
20100412,1.0527,1.4916,-0.0338,0.0384
20100413,1.0488,1.2237,-0.0072,0.0228
20100414,1.0691,0.9307,0.012,0.0168
20100415,1.0804,1.1044,-0.0081,0.0209
20100416,1.0703,0.6683,-0.0082,0.0199
20100419,1.0429,0.752,-0.0119,0.0167
20100420,1.043,0.8286,0.0012,0.0133
20100421,1.0718,0.8041,0.0167,0.0215
20100422,1.0567,1.042,-0.0094,0.0188
20100423,1.0413,0.9429,-0.0212,0.0236
20100426,1.0449,0.797,-0.0012,0.0144
20100427,1.0449,0.8002,0.0048,0.0132
20100428,1.0313,0.9828,0.0061,0.0085
20100429,1.0305,0.6981,-0.006,0.0181
20100430,1.0593,1.3949,0.0254,0.0302
20100503,1.0336,0.8952,-0.0189,0.0213
20100504,1.0391,0.5638,-0.0071,0.0155
20100506,1.0136,1.3843,-0.0037,0.011
20100507,0.9887,2.336,-0.005,0.0138
20100510,0.9997,1.017,0.0038,0.01
20100511,0.9846,1.3804,-0.0259,0.0259
20100512,0.982,0.9653,-0.01,0.0201
20100513,1.0114,0.9788,0.0188,0.0288
20100514,1.0071,0.901,0.005,0.0161
20100517,0.9746,1.6208,-0.0175,0.0263
20100518,0.9843,1.1076,0.0025,0.0139
20100519,0.9608,1.097,-0.0153,0.0204
20100520,0.94,1.1969,-0.0118,0.0222
20100524,0.9428,1.0736,0.0147,0.0268
20100525,0.9223,1.5367,-0.012,0.0267
20100526,0.9339,1.3685,-0.0132,0.0316
20100527,0.9616,1.3157,0.0376,0.0457
20100528,0.9694,1.3272,-0.0114,0.0254
20100531,0.9675,0.7597,0.0052,0.0168
20100601,0.9584,0.6821,-0.0103,0.018
20100603,0.97,0.8811,-0.0038,0.0128
20100604,0.9904,0.7588,0.0232,0.0297
20100607,0.983,0.9149,0.0103,0.0128
20100608,0.9808,0.8786,0,0.028
20100609,0.9624,1.0851,-0.0278,0.0328
20100610,0.9668,1.0805,-0.0051,0.0116
20100611,0.9974,1.1119,0.0153,0.0178
20100614,1.0103,0.735,0.0202,0.0228
20100615,0.9994,0.5804,-0.0148,0.0148
20100616,1.0259,1.1458,0.0049,0.016
20100617,1.0238,0.7125,0.0062,0.0086
20100618,1.0301,0.5908,-0.0036,0.0158
20100621,1.0403,0.8803,0,0.0169
20100622,1.0227,0.9185,-0.0133,0.0169
20100623,1.0089,1.0853,-0.0074,0.0136
20100624,1.0275,0.8777,0.0149,0.0223
20100625,1.0085,1.0586,-0.0049,0.0099
20100628,0.9969,0.8188,-0.0112,0.0149
20100629,0.9917,0.7928,-0.0112,0.0212
20100630,0.9692,1.6781,0.0052,0.013
20100701,0.9593,1.3818,-0.0167,0.0257
20100702,0.9603,0.7311,-0.0039,0.0143
20100705,0.9601,0.6339,0.0052,0.0118
20100706,0.97,1.1316,0.0171,0.0262
20100707,0.9623,1.0216,-0.0141,0.0205
20100708,0.9697,0.9306,-0.0102,0.0179
20100709,0.9953,1.1763,0.0218,0.0295
20100712,1.0022,0.7934,0.0038,0.0125
20100713,0.9946,0.966,-0.0025,0.0175
20100714,1.0289,2.0549,0.0135,0.0185
20100715,1.0231,0.9918,-0.0061,0.0085
20100716,1.0003,1.0417,-0.0172,0.0221
20100719,0.9913,0.897,0.0115,0.0165
20100720,0.9944,0.7131,0.0038,0.0201
20100721,1.0171,1.0225,0,0.0147
20100722,1.005,0.9542,-0.0049,0.0197
20100723,1.0083,0.8759,-0.0049,0.0123
20100726,1.0164,0.659,0.0062,0.0135
20100727,1.0292,1.1801,0.0061,0.0109
20100728,1.0383,1.4237,0.006,0.0108
20100729,1.0254,0.913,-0.0143,0.0191
20100730,1.004,1.0066,-0.0146,0.0207
20100802,1.0037,0.763,-0.0086,0.0098
20100803,1.0094,0.8057,-0.0061,0.0085
20100804,0.998,0.6553,-0.0135,0.0147
20100805,0.995,0.8617,-0.0086,0.0185
20100806,0.9908,0.7601,-0.0111,0.0136
20100809,0.992,0.567,0.0038,0.005
20100810,0.981,0.8736,-0.0088,0.0163
20100811,0.9639,1.1117,-0.0064,0.0153
20100812,0.9483,1.313,-0.0026,0.0156
20100813,0.9672,0.8764,0.0143,0.0195
20100816,0.9688,0.6311,0.0116,0.0207
20100817,0.9693,0.8857,0.0064,0.0154
20100818,0.9648,0.7167,-0.0077,0.014
20100819,0.9788,0.744,0.0128,0.0154
20100820,0.973,0.7517,0.0051,0.0115
20100823,0.9808,0.5587,0.0051,0.0115
20100824,0.9729,0.706,-0.0025,0.014
20100825,0.9602,0.5806,-0.0052,0.0077
20100826,0.9626,0.6549,0.0013,0.0168
20100827,0.9551,0.8049,0.0013,0.0092
20100830,0.9685,0.4437,0.0013,0.0077
20100831,0.9449,1.3909,-0.0131,0.0209
20100901,0.9411,1.2217,-0.0131,0.0171
20100902,0.9507,1.152,-0.0013,0.0171
20100903,0.954,1.3912,0,0.0105
20100906,0.9786,1.2389,0.0104,0.0155
20100907,0.9895,1.0086,0.0064,0.0192
20100908,0.9691,0.69,-0.0064,0.0129
20100909,0.9511,1.919,-0.0143,0.0235
20100910,0.9644,0.8708,0.0079,0.0197
20100913,0.9704,0.7303,0,0.013
20100914,0.9588,1.1544,-0.0194,0.0271
20100915,0.9559,1.2066,-0.0079,0.021
20100916,0.9568,0.7284,0.004,0.0119
20100917,0.9779,1.3806,0.0144,0.0262
20100920,0.9873,0.9149,0.0078,0.0129
20100924,0.9652,1.9975,-0.0218,0.0282
20100927,0.9575,1.5295,-0.0131,0.0209
20100928,0.9459,1.4138,-0.0132,0.0146
20100929,0.9809,2.111,0.0252,0.0332
20100930,0.9877,1.0078,0.0065,0.0155
20101001,0.9879,0.898,0.0065,0.0117
20101004,0.9921,0.7823,0,0.009
20101005,0.9833,0.8759,0.0013,0.0104
20101006,1.0087,1.431,0.0193,0.0231
20101007,0.98,1.5445,-0.0116,0.018
20101008,0.9654,1.6288,-0.0066,0.017
20101011,0.9594,1.1324,-0.0118,0.0131
20101012,0.951,1.1152,-0.008,0.0133
20101013,0.9489,1.2297,-0.0106,0.012
20101014,0.9566,1.6025,-0.004,0.0146
20101015,0.9617,1.4735,0.0053,0.0147
20101018,0.9578,0.8306,-0.0079,0.0185
20101019,0.9451,1.1733,-0.012,0.0133
20101020,0.9506,1.1152,0.0068,0.0189
20101021,0.9762,1.7057,0.0268,0.0322
20101022,0.9915,1.2219,0.0052,0.0129
20101025,0.9839,0.7424,-0.0026,0.0155
20101026,0.9738,0.9342,-0.0065,0.0169
20101027,0.9615,0.9978,-0.0066,0.0185
20101028,0.9759,0.8738,0.0053,0.0158
20101029,0.9521,1.3738,-0.0249,0.0262
20101101,0.9549,0.8824,-0.008,0.0133
20101102,0.9464,0.9843,-0.0094,0.0147
20101103,0.9471,1.0687,0,0.0135
20101104,0.977,1.6144,0.0214,0.0254
20101105,0.994,2.0434,-0.0051,0.0192
20101108,0.9971,0.8131,-0.0089,0.0153
20101109,0.9925,0.7458,-0.0128,0.0217
20101110,1.0134,1.2206,0.0128,0.0192
20101111,0.9847,2.5764,-0.0328,0.0404
20101112,0.9993,1.5974,-0.0077,0.0217
20101115,1.0378,2.0054,0.028,0.0382
20101116,1.0417,1.6332,-0.0037,0.0246
20101117,1.0213,0.9475,-0.0075,0.0112
20101118,1.0265,0.736,0.0025,0.0151
20101119,1.0505,1.0669,0.0124,0.0235
20101122,1.088,1.9772,0.0341,0.0366
20101123,1.0767,1.0835,-0.0118,0.02
20101124,1.0896,1.7295,0.0303,0.0327
20101125,1.0809,0.992,-0.0094,0.0176
20101126,1.0698,0.8495,-0.013,0.02
20101129,1.0676,0.8396,0.0012,0.018
20101130,1.0542,1.145,-0.0072,0.024
20101201,1.0462,1.0134,-0.0049,0.017
20101202,1.0951,1.6357,0.0374,0.0411
20101203,1.1383,2.0799,0.0276,0.0345
20101206,1.1323,0.8958,0,0.0157
20101207,1.1451,1.3195,0.0158,0.0406
20101208,1.1273,0.8905,-0.0166,0.0255
20101209,1.1624,1.5486,0.0362,0.0384
20101210,1.1631,0.671,0.0044,0.0131
20101213,1.1754,0.807,0.012,0.0174
20101214,1.1723,1.16,-0.0085,0.0171
20101215,1.1544,0.8609,-0.0097,0.0162
20101216,1.1467,0.611,0.0033,0.0121
20101217,1.1642,0.9051,0.0131,0.0186
20101220,1.1703,0.8883,0.0164,0.0196
20101221,1.1737,0.6623,0.0054,0.0161
20101222,1.1756,0.8762,0,0.0181
20101223,1.17,0.5779,0,0.0139
20101224,1.1547,0.4472,-0.0149,0.0149
20101227,1.1493,0.5552,-0.0032,0.0162
20101228,1.1672,0.8249,0.0108,0.0259
20101229,1.1738,0.6282,0.0107,0.0203
20101230,1.1767,0.4841,0.0074,0.0106
20110103,1.1854,0.6996,0.0031,0.0168
20110104,1.1828,0.7248,0.0021,0.0126
20110105,1.1605,0.89,-0.0136,0.0136
20110106,1.1436,1.0229,-0.0127,0.0276
20110107,1.1306,1.2152,0.0066,0.0164
20110110,1.1238,0.9606,-0.0011,0.0207
20110111,1.1171,1.0196,-0.0044,0.0153
20110112,1.1359,1.0693,0.0175,0.0208
20110113,1.1243,1.4618,-0.0285,0.0337
20110114,1.1357,0.7892,0.0054,0.0205
20110117,1.1529,1.0511,0.0042,0.0116
20110118,1.1743,1.4978,0.02,0.0337
20110119,1.205,1.6692,0.0184,0.0347
20110120,1.1838,0.7608,-0.0051,0.0111
20110121,1.1678,0.8287,-0.0051,0.0143
20110124,1.1648,0.6792,0.0031,0.0176
20110125,1.1665,0.6989,0.0031,0.0195
20110126,1.1906,0.6694,0.0132,0.0193
20110127,1.1825,0.7732,-0.001,0.0111
20110128,1.1982,0.9634,0.012,0.024
20110131,1.1612,1.0758,-0.0278,0.0287
20110201,1.1606,0.6752,0.001,0.0163
20110207,1.1447,1.2196,-0.0299,0.0319
20110208,1.1292,1.5207,-0.0093,0.0155
20110209,1.1255,1.043,-0.0134,0.0226
20110210,1.0951,1.5145,-0.025,0.0313
20110211,1.0686,1.305,-0.0214,0.0321
20110214,1.1104,0.9595,0.0269,0.0323
20110215,1.1138,0.8887,-0.0052,0.0239
20110216,1.0966,0.7469,-0.0074,0.0263
20110217,1.1046,0.7105,0.001,0.021
20110218,1.1089,0.5115,-0.0052,0.0093
20110221,1.0925,0.6901,-0.0166,0.0239
20110222,1.0789,0.6186,-0.0011,0.0149
20110223,1.0678,0.8725,0.0054,0.0173
20110224,1.0648,0.9172,0.0032,0.0151
20110225,1.0596,0.7684,-0.0022,0.0108
20110228,1.0544,0.8224,0.0033,0.0152
20110302,1.0472,0.8182,0.0044,0.012
20110303,1.051,0.9219,0.0044,0.012
20110304,1.0738,0.9495,0.0118,0.0193
20110307,1.0277,1.6222,-0.0392,0.0392
20110308,1.0179,1.2634,-0.0132,0.0198
20110309,1.0061,1.3313,-0.0177,0.0287
20110310,0.9777,2.0889,-0.0148,0.0205
20110311,0.972,1.3584,0.0012,0.0186
20110314,1.0132,1.6523,0.0227,0.0545
20110315,0.9668,1.7864,-0.0455,0.0511
20110316,0.9945,1.9424,0.0011,0.026
20110317,0.9976,1.098,0.0137,0.0251
20110318,0.9974,0.9355,-0.0011,0.0135
20110321,0.995,0.7069,-0.0011,0.0168
20110322,0.977,1.0609,-0.0191,0.0303
20110323,0.9735,1.2221,-0.008,0.0239
20110324,0.98,0.7451,0,0.0159
20110325,1.0115,1.4992,0.0202,0.0224
20110328,1.0163,0.7662,0.0011,0.0142
20110329,1.0143,0.8295,0.0099,0.0176
20110330,1.0233,0.9958,0.0109,0.0142
20110331,1.028,1.269,-0.0043,0.016
20110401,1.035,1.0882,0.0043,0.0139
20110404,1.0385,0.8089,0.0053,0.0064
20110405,1.0366,0.5771,-0.0032,0.0137
20110406,1.011,1.3265,-0.0181,0.0287
20110407,0.9941,1.0631,-0.0173,0.0324
20110408,0.9808,1.2722,-0.0143,0.0209
20110411,0.9755,1.0146,-0.0045,0.0212
20110412,0.9617,0.7824,-0.0045,0.009
20110413,0.9812,0.8242,0.0158,0.0237
20110414,0.9791,1.2446,0,0.0178
20110415,0.9653,1.0963,-0.0111,0.0189
20110418,0.9422,1.3559,-0.0269,0.0292
20110419,0.9506,1.1393,0.0258,0.0258
20110420,0.9944,1.5808,0.0304,0.0337
20110421,1.0066,1.329,-0.0022,0.0204
20110422,0.9798,0.9241,-0.0216,0.0271
20110425,0.963,0.705,-0.0133,0.0244
20110426,0.9709,0.943,-0.0022,0.0211
20110427,0.999,1.2909,0.0076,0.0174
20110428,0.9727,1.0228,-0.026,0.0303
20110429,0.9651,1.0653,-0.0089,0.0311
20110502,1.0068,1.6025,0.0242,0.0363
20110503,1.0128,1.2476,0.0021,0.0192
20110504,0.9877,1.2622,-0.0161,0.0366
20110506,0.9706,1.1615,0,0.0211
20110509,0.9623,0.6663,-0.0187,0.022
20110511,0.9638,1.0953,0.0034,0.0146
20110512,0.9567,1.3484,-0.0011,0.0203
20110513,0.9902,1.6184,0.0223,0.0379
20110516,0.9741,0.7793,-0.0174,0.0229
20110517,0.9625,0.5597,-0.0078,0.01
20110518,0.9662,0.8032,0,0.0146
20110519,0.9527,0.9354,-0.0123,0.0202
20110520,0.9555,0.5359,-0.0034,0.0079
20110523,0.9463,0.6813,-0.0046,0.0148
20110524,0.9383,0.6989,-0.008,0.0218
20110525,0.9292,0.7709,-0.0262,0.0296
20110526,0.9548,0.6725,0.0127,0.0173
20110527,0.9684,1.0297,0.0195,0.0366
20110530,0.9614,0.4926,-0.0123,0.0212
20110531,0.9816,1.1377,0.0135,0.0315
20110601,0.9919,0.7461,0.01,0.0188
20110602,0.9621,0.7891,-0.0123,0.019
20110603,0.9647,0.4812,-0.0056,0.0146
20110607,0.9672,0.7278,0.0126,0.0228
20110608,0.9567,0.6222,-0.009,0.0169
20110609,0.9442,1.0424,-0.0137,0.016
20110610,0.9297,0.9431,-0.0218,0.0264
20110613,0.9326,0.7287,0.0107,0.0178
20110614,0.9443,0.5172,0.0141,0.0294
20110615,0.9473,0.6463,-0.0012,0.0208
20110616,0.9299,0.5865,-0.0059,0.0164
20110617,0.8999,1.7712,-0.0376,0.0576
20110620,0.8808,1.1525,-0.016,0.0234
20110621,0.8977,0.9221,0.0175,0.0275
20110622,0.9124,0.8051,0.0024,0.0133
20110623,0.9194,0.6751,0.0073,0.023
20110624,0.9441,1.1364,0.0378,0.0402
20110627,0.927,0.7369,-0.0142,0.0224
20110628,0.9254,0.5813,-0.0095,0.0262
20110629,0.9281,0.5062,-0.0177,0.02
20110630,0.9219,0.8012,-0.0084,0.0168
20110701,0.9555,1.0819,0.0142,0.0261
20110704,0.9821,1.0536,0.0092,0.0161
20110705,1.0063,1.0359,0.0216,0.0239
20110706,1.0056,0.5566,0.0056,0.0123
20110707,0.9858,0.8919,-0.02,0.0212
20110708,0.9922,0.6038,0.0057,0.017
20110711,0.9708,0.7999,-0.017,0.0205
20110712,0.9549,0.6211,-0.0116,0.0174
20110713,0.9483,0.8235,-0.0059,0.0224
20110714,0.9361,1.0148,-0.0048,0.0144
20110715,0.9385,0.6805,0.0024,0.0229
20110718,0.9184,0.9047,-0.0181,0.0229
20110719,0.9297,0.7232,0.0199,0.0261
20110720,0.9633,1.0463,0.0131,0.0179
20110721,0.9541,0.5145,-0.0047,0.0225
20110722,0.9639,0.6091,0,0.0165
20110725,0.9612,0.4749,-0.0035,0.0188
20110726,0.9655,0.5653,0.0083,0.013
20110727,0.9609,0.5087,-0.0035,0.0142
20110728,0.9525,0.6937,0.0109,0.0169
20110729,0.9611,0.7716,-0.0024,0.0177
20110801,0.9909,0.9974,0.0175,0.0234
20110802,0.9706,0.702,-0.0012,0.0106
20110803,0.9492,1.0664,-0.0083,0.0238
20110804,0.9364,0.9122,-0.0215,0.0286
20110805,0.9006,1.6086,-0.0038,0.0202
20110808,0.8688,1.6126,-0.013,0.0377
20110809,0.8292,2.5909,-0.0347,0.076
20110810,0.8263,2.5417,-0.0526,0.0526
20110811,0.8142,2.0214,0.0291,0.0538
20110812,0.8146,1.7134,-0.0194,0.0305
20110816,0.8654,1.517,0.0204,0.0327
20110817,0.869,0.7401,0.0013,0.0253
20110818,0.8212,1.7833,-0.0521,0.0615
20110819,0.7898,1.4521,-0.0116,0.0363
20110822,0.8047,1.0457,0.0102,0.0278
20110823,0.8439,1.2278,0.0329,0.0514
20110824,0.8286,0.9263,-0.0221,0.0483
20110825,0.8506,0.9548,-0.0163,0.0231
20110826,0.854,0.5348,0.0126,0.0237
20110829,0.8643,0.6541,-0.0121,0.0243
20110830,0.8768,0.6401,0.0013,0.0162
20110831,0.8809,0.7371,-0.004,0.0214
20110901,0.9143,1.813,0.0158,0.058
20110902,0.9132,0.6563,0.0052,0.0235
20110905,0.8697,0.7047,-0.0318,0.0344
20110906,0.8667,0.6729,0.0014,0.0358
20110907,0.9229,0.8977,0.0546,0.0614
20110908,0.9538,1.4634,0.0231,0.0308
20110909,0.9333,0.9254,-0.0064,0.0446
20110914,0.9023,1.4063,-0.0346,0.0513
20110915,0.9255,1.0946,-0.0166,0.0242
20110916,0.9594,1.2251,0.005,0.0239
20110919,0.9725,0.6368,0.01,0.0325
20110920,0.977,0.7248,0,0.0271
20110921,0.9805,0.882,-0.0073,0.033
20110922,0.9542,0.7973,-0.0075,0.0276
20110923,0.9172,1.1346,-0.0079,0.038
20110926,0.9391,1.2466,0.0197,0.0368
20110927,0.9757,0.8668,-0.0012,0.0174
20110928,0.9809,1.2725,-0.0206,0.0413
20110929,1.0184,1.4474,0.041,0.0547
20110930,1.0228,1.3467,0.012,0.0349
20111004,1.0089,1.7016,0.0286,0.0447
20111005,1.0266,1.6556,0.0218,0.04
20111006,1.0428,1.5409,-0.0217,0.0423
20111007,1.0496,1.3667,-0.0058,0.0358
20111010,1.0671,0.8893,-0.0046,0.0148
20111011,1.0758,1.1752,-0.0045,0.0181
20111012,1.0965,1.1047,0.0298,0.0333
20111013,1.0866,0.8327,-0.0089,0.02
20111014,1.0816,0.5559,0.0172,0.0264
20111017,1.0862,0.5476,0,0.0157
20111018,1.0775,0.7101,0.0091,0.0251
20111019,1.0808,0.5507,0.0011,0.0181
20111020,1.106,1.4522,0.0237,0.0418
20111021,1.1178,1.1889,-0.0033,0.0196
20111024,1.1463,0.9548,0.0307,0.035
20111025,1.1505,0.9309,0.0096,0.0171
20111026,1.1368,0.6383,0.0011,0.0204
20111027,1.1241,0.8905,-0.0054,0.0215
20111028,1.1488,1.3593,0.0183,0.0205
20111031,1.1756,1.198,0.0287,0.0393
20111101,1.2007,1.5458,0.0227,0.0382
20111102,1.1761,1.4153,0.001,0.0124
20111103,1.1696,0.8182,0.0052,0.0135
20111104,1.2134,1.324,0.0224,0.0234
20111107,1.197,0.693,-0.003,0.0141
20111108,1.1678,0.8421,-0.0162,0.0254
20111109,1.1839,0.9491,0.0155,0.0227
20111110,1.1222,1.5371,-0.0331,0.0393
20111111,1.1772,1.1977,0.0402,0.0571
20111114,1.1902,0.6982,0.0081,0.0152
20111115,1.1878,0.5808,0.0101,0.0203
20111116,1.1608,0.8378,-0.0201,0.0302
20111117,1.165,0.644,-0.002,0.0316
20111118,1.143,0.8104,-0.0082,0.0154
20111121,1.126,0.6372,-0.0011,0.0189
20111122,1.1396,0.5992,0.0137,0.0295
20111123,1.1051,0.7612,-0.0137,0.0264
20111124,1.1134,0.6813,0.0228,0.0347
20111125,1.1172,0.5853,0.0194,0.0258
20111128,1.1527,0.7925,0.0198,0.025
20111129,1.183,1.3745,0.0152,0.0192
20111130,1.1801,0.9804,0.004,0.014
20111201,1.2596,1.7074,0.0377,0.0493
20111202,1.2288,1.0768,-0.0104,0.0292
20111205,1.2444,0.7282,-0.0028,0.014
20111206,1.2159,0.7173,-0.0123,0.0274
20111207,1.2266,0.9692,0.0057,0.0257
20111208,1.2326,1.2693,0.0066,0.035
20111209,1.2165,0.6747,0.0038,0.0353
20111212,1.2485,0.5951,0.0198,0.0226
20111213,1.2065,0.6503,-0.0223,0.0233
20111214,1.1924,1.0289,0.0058,0.0193
20111215,1.1615,0.8269,-0.0136,0.0204
20111216,1.1931,0.5976,0.0235,0.0245
20111219,1.1477,0.9942,-0.0364,0.0584
20111220,1.1512,0.6658,0.004,0.0218
20111221,1.1994,0.9835,0.0213,0.0251
20111222,1.1909,0.5145,0.0067,0.0115
20111223,1.2063,0.597,0.0114,0.017
20111226,1.2011,0.3025,-0.0009,0.0084
20111227,1.2058,0.5522,0.0047,0.0253
20111228,1.1891,0.541,-0.0112,0.0121
20111229,1.1822,0.5412,-0.0038,0.0188
20120102,1.2025,0.6566,0.0093,0.014
20120103,1.2251,0.8595,0.011,0.0119
20120104,1.1926,0.8823,-0.0226,0.0317
20120105,1.1606,0.9039,-0.0168,0.0224
20120106,1.1399,0.99,-0.0152,0.0341
20120109,1.1103,1.0231,-0.0231,0.025
20120110,1.1179,1.0785,0.0049,0.0147
20120111,1.1087,1.0175,0.0039,0.0098
20120112,1.1121,0.9926,0.0118,0.0177
20120113,1.1272,0.7857,0.0175,0.0233
20120116,1.1063,0.629,-0.0096,0.0192
20120117,1.1089,0.925,-0.0048,0.0231
20120118,1.0988,0.8329,-0.02,0.0285
20120119,1.1395,1.2054,0.0328,0.0337
20120120,1.1699,1.3698,0.0138,0.0266
20120125,1.1748,1.2113,0.0201,0.0302
20120126,1.1692,0.9372,-0.0027,0.0242
20120127,1.1775,0.6852,0.0045,0.0125
20120130,1.1628,0.8779,-0.0124,0.0186
20120131,1.1499,1.1614,0.0018,0.0281
20120201,1.1167,1.2186,-0.0253,0.0262
20120202,1.1143,1.1896,-0.0055,0.0331
20120203,1.0968,0.952,-0.0047,0.0261
20120206,1.1017,0.8473,-0.0092,0.0231
20120207,1.1172,0.642,0.0149,0.0214
20120208,1.1126,0.6406,-0.0064,0.0146
20120209,1.1012,1.2995,-0.0028,0.0276
20120210,1.0761,1.0033,-0.0203,0.0212
20120213,1.0944,0.8635,0.0131,0.0206
20120214,1.0884,0.6653,-0.0037,0.0138
20120215,1.1398,1.529,0.0337,0.0419
20120216,1.1356,0.8298,0.0044,0.0168
20120217,1.1719,0.9356,0.0147,0.0207
20120220,1.1665,0.8011,-0.0025,0.0238
20120221,1.1672,0.5887,0.0043,0.0281
20120222,1.1798,0.6471,0.0127,0.0237
20120223,1.1398,1.2799,-0.0111,0.0239
20120224,1.1554,0.7914,0.0234,0.0286
20120227,1.1429,0.4736,-0.0026,0.0179
20120228,1.1529,0.9444,-0.0092,0.0159
20120229,1.1693,0.9853,0.0126,0.0151
20120302,1.1427,1.0278,-0.0272,0.0313
20120305,1.1317,0.6416,-0.0134,0.021
20120306,1.1345,0.6107,0.0008,0.0221
20120307,1.1237,0.6675,-0.0026,0.0153
20120308,1.1282,1.1696,0,0.0178
20120309,1.1722,1.047,0.0327,0.0361
20120312,1.1495,0.6795,-0.0114,0.0131
20120313,1.1563,0.6875,0.0175,0.0242
20120314,1.18,1.0596,0.0163,0.0203
20120315,1.1762,0.815,-0.0008,0.0144
20120316,1.1617,1.0492,-0.0175,0.023
20120319,1.1789,0.6926,0.0202,0.0275
20120320,1.1817,0.6957,0,0.0134
20120321,1.155,0.7555,-0.0143,0.0143
20120322,1.1665,0.7476,0.0186,0.0227
20120323,1.1661,0.645,0.0145,0.0249
20120326,1.1759,0.5557,0.0055,0.011
20120327,1.2054,0.861,0.0202,0.0272
20120328,1.1934,0.6045,0.0015,0.01
20120329,1.1703,0.7184,-0.0146,0.0146
20120330,1.1627,0.9395,0.0039,0.0181
20120402,1.1811,0.7758,0.0188,0.0298
20120403,1.21,1.0195,0.0114,0.028
20120404,1.1922,0.91,-0.0083,0.027
20120405,1.1975,0.812,0.0215,0.0292
20120406,1.1956,0.6481,0.0038,0.0158
20120409,1.1788,0.5429,-0.0023,0.0182
20120410,1.1699,0.7077,-0.0023,0.0099
20120412,1.133,1.5877,-0.0078,0.0242
20120413,1.1255,2.2001,0.0024,0.0134
20120416,1.1145,0.9454,-0.011,0.0204
20120417,1.1028,0.9022,-0.0016,0.0184
20120418,1.1381,1.0668,0.0125,0.0258
20120419,1.1467,0.8139,0.0116,0.0139
20120420,1.1215,0.6145,-0.0093,0.0147
20120423,1.116,0.5228,0.0079,0.0142
20120424,1.1167,0.8313,0.0142,0.019
20120425,1.1329,0.8713,0.0008,0.0169
20120426,1.1606,1.0511,0.0152,0.0174
20120427,1.1867,1.0175,0.014,0.0236
20120430,1.1972,1.0092,-0.0036,0.0229
20120502,1.2106,1.1746,0,0.0135
20120503,1.1993,0.6627,-0.0007,0.0086
20120504,1.1613,1.3192,-0.0109,0.0356
20120507,1.1431,1.2137,0,0.0209
20120508,1.1398,0.7736,-0.0052,0.0096
20120509,1.1285,0.8134,-0.003,0.018
20120510,1.1224,0.8495,-0.0015,0.0105
20120511,1.0994,0.8846,-0.0091,0.0152
20120514,1.1062,0.9754,0.0069,0.0176
20120515,1.1009,1.0108,0.0054,0.0153
20120516,1.031,2.4599,-0.0524,0.0555
20120517,1.0237,2.0958,-0.0057,0.0341
20120518,0.975,1.8814,-0.0316,0.0332
20120521,1.0098,1.4726,0.0126,0.0218
20120522,1.0342,1.4618,-0.012,0.0223
20120523,1.0171,0.9898,-0.0153,0.0363
20120524,1.019,0.9308,0.0099,0.0223
20120525,1.0176,0.6214,-0.0065,0.0187
20120529,1.0271,0.6623,0.0215,0.0264
20120530,1.0161,0.7788,-0.0097,0.0202
20120531,1.0026,1.3516,-0.0016,0.0173
20120601,1.0193,0.8329,0.0165,0.0313
20120604,0.9875,1.1075,-0.0017,0.0109
20120605,0.9917,0.7911,0.0017,0.0133
20120607,1.0407,1.2884,0.021,0.0258
20120608,1.024,0.6164,-0.022,0.0235
20120611,1.0392,0.6165,-0.0031,0.0071
20120612,1.0268,0.5497,0.0072,0.012
20120613,1.0378,0.5981,0.0039,0.0142
20120614,1.0278,1.374,-0.0063,0.0118
20120615,0.9904,1.8792,-0.0264,0.0368
20120618,1.0102,1.0898,0.0024,0.0185
20120619,1.0099,0.9249,-0.0008,0.0201
20120620,1.0152,0.832,0.0024,0.016
20120621,0.994,0.8026,-0.0057,0.013
20120622,0.9571,1.9462,-0.0059,0.0185
20120625,0.9165,2.5332,-0.0333,0.0427
20120626,0.9219,1.544,0.0053,0.0177
20120627,0.9439,1.4381,0.0237,0.0412
20120628,0.9441,0.6401,0.0009,0.0231
20120629,0.9697,1.1465,0.0291,0.0411
20120702,0.9471,1.1738,-0.0281,0.0315
20120703,0.9473,0.967,-0.0059,0.0195
20120704,0.9594,1.1675,0.0076,0.0161
20120705,0.9538,0.5582,-0.0017,0.0143
20120706,0.9338,1.2998,-0.0276,0.0343
20120709,0.9053,1.304,-0.0079,0.0106
20120710,0.9058,1.0835,-0.007,0.0185
20120711,0.8986,1.1077,-0.0097,0.0221
20120712,0.8773,1.524,-0.0268,0.0312
20120713,0.9161,1.6427,0.0392,0.0484
20120716,0.9268,0.9259,0.0061,0.0192
20120717,0.9397,0.9598,0.0174,0.0366
20120718,0.9288,0.8821,-0.0212,0.0399
20120719,0.9615,1.4981,0.0127,0.0254
20120720,0.9582,0.7244,-0.0092,0.01
20120723,0.9349,0.7761,-0.0026,0.0129
20120724,0.9415,0.8807,0.0043,0.0137
20120725,0.9322,0.8248,0.0043,0.0286
20120726,0.9435,0.8269,0.0026,0.012
20120727,0.9922,1.6015,0.0318,0.0351
20120730,1.0252,1.142,0.0119,0.0214
20120731,1.0514,1.9901,0.0227,0.0461
20120801,1.0431,1.1243,0.0062,0.0248
20120802,1.0132,0.9446,-0.0285,0.0331
20120803,0.9969,0.9189,0.0024,0.0234
20120806,1.0403,0.7237,0.0101,0.0179
20120807,1.0368,0.6083,-0.0069,0.0153
20120808,1.057,1.1474,0.0107,0.0207
20120809,1.0721,1.7924,0.0144,0.0227
20120810,1.0778,0.861,0.0097,0.0135
20120813,1.0589,0.5787,-0.0127,0.0179
20120814,1.074,0.8467,0.0143,0.0181
20120816,1.0733,0.866,-0.0066,0.0126
20120817,1.0331,1.6003,-0.0365,0.0439
20120820,1.0235,1.1477,0.0102,0.022
20120821,1.0229,0.8808,-0.0077,0.0155
20120822,1.0088,0.9192,-0.0039,0.0189
20120823,1.0271,0.7926,0.0206,0.0301
20120824,1.0176,0.8083,0.0039,0.0181
20120827,0.9426,3.5471,-0.0076,0.0252
20120828,0.9557,1.5404,0.0076,0.0245
20120829,0.9844,1.2887,0.0174,0.0232
20120830,0.9732,0.8894,-0.0106,0.022
20120831,0.9885,1.1099,0.0182,0.0223
20120903,0.9772,0.7567,-0.0016,0.0279
20120904,0.978,0.5409,-0.0008,0.0148
20120905,0.9553,0.9531,-0.0133,0.0191
20120906,0.9615,0.6857,-0.0033,0.0083
20120907,1.005,1.4047,0.0163,0.0252
20120910,1.0049,0.875,-0.0079,0.0111
20120911,1.0101,0.5479,0.0129,0.0266
20120912,1.0407,1.0183,0.0205,0.0284
20120913,1.0462,1.0679,0.0015,0.0185
20120914,1.0739,1.3522,0.0045,0.009
20120917,1.0567,0.8078,-0.0157,0.018
20120918,1.0566,0.6102,0.0008,0.0213
20120919,1.0561,0.6606,0.0061,0.0191
20120920,1.0351,0.7743,-0.0046,0.0162
20120921,1.0479,0.8125,0.0015,0.0092
20120924,1.0687,0.721,0.0208,0.0277
20120925,1.0693,0.6208,0.013,0.0183
20120926,1.068,0.6613,0.0091,0.0145
20120927,1.0786,0.8,0.0083,0.0143
20120928,1.085,0.9822,-0.0096,0.0155
20121002,1.1032,0.7332,0.0111,0.014
20121004,1.1012,1.0468,0.0118,0.0252
20121005,1.103,0.9725,-0.0123,0.0274
20121008,1.1049,0.6572,-0.0015,0.0138
20121009,1.1036,0.4821,0.0066,0.0132
20121010,1.0649,0.7221,-0.0207,0.0259
20121011,1.0474,1.3296,-0.0046,0.0252
20121012,1.0399,0.8448,-0.0069,0.0184
20121015,1.0423,0.5871,0.0031,0.0193
20121016,1.0656,0.6105,0.003,0.0121
20121017,1.0694,0.5179,-0.0045,0.0224
20121018,1.0693,0.6066,0.0007,0.0097
20121019,1.0406,0.8039,-0.0159,0.0197
20121022,1.0504,0.6741,0.0298,0.0321
20121023,1.0481,0.5329,-0.0045,0.0152
20121024,1.0369,0.7796,0.0023,0.0154
20121025,1.0538,0.6884,0.0201,0.0239
20121026,1.0251,0.8015,-0.0145,0.0191
20121029,1.0339,0.6659,0.0008,0.0154
20121030,1.0328,0.3901,-0.0008,0.0092
20121031,1.0418,0.6215,0.0031,0.01
20121101,1.0312,0.6119,0.0015,0.0093
20121102,1.0545,1.0778,0.0061,0.0152
20121105,1.065,0.7587,0.0098,0.0218
20121106,1.0706,0.5255,0,0.0126
20121107,1.0797,0.5739,0.0141,0.0201
20121108,1.0693,0.9097,0.0015,0.0119
20121109,1.0613,0.8632,0.0045,0.0187
20121112,1.0637,0.4143,0.0105,0.012
20121113,1.0659,0.4377,0.0015,0.0171
20121114,1.0692,0.6315,-0.0015,0.0081
20121115,1.0486,0.6142,-0.003,0.009
20121116,1.0283,0.7574,-0.0113,0.0189
20121119,1.0466,0.6356,0.0129,0.0221
20121120,1.0701,0.8401,0.0081,0.014
20121121,1.0843,1.1138,0.0058,0.0182
20121122,1.108,0.9392,0.0165,0.0201
20121123,1.1213,0.776,0.0105,0.0176
20121126,1.0938,0.8682,-0.0264,0.0305
20121127,1.1011,0.7462,0.0078,0.0171
20121128,1.0966,0.8905,0.0093,0.03
20121129,1.095,0.8342,0.0086,0.0143
20121130,1.0864,1.0468,-0.0119,0.0183
20121203,1.1023,0.6545,0.007,0.0197
20121204,1.0995,0.6147,-0.0014,0.0098
20121205,1.116,0.812,0.0175,0.0196
20121206,1.1126,0.9309,-0.0095,0.0252
20121207,1.1298,1.0374,0.0207,0.0331
20121210,1.1353,0.8538,-0.01,0.0139
20121211,1.1215,0.8344,-0.0147,0.0194
20121212,1.1295,1.0024,0.0115,0.0156
20121213,1.1589,1.9958,0.022,0.0267
20121214,1.1423,0.9073,-0.0007,0.0185
20121217,1.1303,1.0077,0.0013,0.018
20121218,1.1364,0.8807,0.01,0.014
20121220,1.1251,1.3133,-0.0079,0.0224
20121221,1.0781,1.795,-0.0342,0.0375
20121224,1.1007,0.9546,0.018,0.0235
20121226,1.0963,0.9285,-0.0068,0.0223
20121227,1.1138,0.6054,0.0177,0.0204
20121228,1.1308,0.7049,0.0228,0.0289
20130102,1.1684,0.7618,0.028,0.032
20130103,1.1419,0.9442,-0.0247,0.0259
20130104,1.1268,0.8657,-0.0097,0.0208
20130107,1.1216,0.8503,0.0033,0.0185
20130108,1.1057,0.9328,-0.0086,0.0126
20130109,1.1042,0.8536,0,0.0147
20130110,1.1248,0.9872,0.0099,0.0224
20130111,1.1254,0.8055,-0.0097,0.0265
20130114,1.1372,0.5486,0.0084,0.0156
20130115,1.1061,0.7383,-0.0308,0.0308
20130116,1.0898,1.1167,-0.0145,0.0284
20130117,1.0714,1.3873,-0.022,0.0346
20130118,1.0779,0.8592,0,0.0216
20130121,1.0576,0.9967,-0.0068,0.0184
20130122,1.0741,0.8501,0.0242,0.0291
20130123,1.0669,0.6727,-0.018,0.0193
20130124,1.0507,1.1594,-0.0102,0.0191
20130125,1.0232,1.5741,-0.0295,0.0384
20130128,0.9897,2.2147,-0.0172,0.0215
20130129,1.015,1.5404,0.0137,0.0273
20130130,1.0357,1.1478,0.0098,0.0196
20130131,1.0395,1.139,0.0126,0.0182
20130201,1.0326,0.8218,-0.013,0.026
20130204,1.0284,0.9214,-0.009,0.0248
20130205,1.0256,0.8185,0.0141,0.0205
20130206,1.0186,0.4968,-0.009,0.0111
20130207,1.0127,0.7047,-0.0132,0.0132
20130208,1.0415,0.9774,0.031,0.0388
20130212,1.0448,0.6205,-0.0108,0.0168
20130213,1.057,0.6815,0.0088,0.0224
20130214,1.0578,0.5591,0,0.0114
20130215,1.0621,0.5659,0.0054,0.0141
20130218,1.0549,0.5322,0,0.0134
20130219,1.0549,0.4621,0.0081,0.0135
20130220,1.0907,1.3544,0.0286,0.032
20130221,1.0925,0.984,0.0065,0.0149
20130222,1.0769,1.0373,0,0.0183
20130225,1.0754,0.6691,-0.0123,0.0123
20130226,1.072,0.6998,0.0079,0.0198
20130227,1.0708,0.6789,-0.0205,0.0257
20130228,1.0813,0.9757,0.0092,0.0157
20130304,1.0766,1.0168,-0.0154,0.0211
20130305,1.0829,0.7134,-0.0039,0.0103
20130306,1.0885,0.7781,-0.0076,0.0178
20130307,1.0591,1.0333,-0.0181,0.0245
20130308,1.0431,1.4571,-0.0106,0.0185
20130311,1.0478,1.0587,0.01,0.0181
20130312,1.0367,0.6744,-0.0066,0.0146
20130313,1.0581,0.8711,0.0139,0.0186
20130314,1.0519,0.9651,-0.0052,0.0229
20130315,1.0232,2.7589,-0.032,0.032
20130318,0.9981,1.9735,-0.0103,0.0178
20130319,1.0177,1.0416,0.0172,0.0303
20130320,1.0063,1.004,0,0.0199
20130321,1.0031,0.8753,-0.0027,0.0123
20130322,1.0008,0.7956,-0.0021,0.011
20130325,1.0269,0.7667,0.0101,0.0169
20130326,1.035,1.2512,0.0094,0.0207
20130327,1.0301,0.9533,-0.0073,0.0191
20130328,1.0328,0.5924,0.0047,0.0086
20130329,1.0428,0.7074,0.002,0.0098
20130401,1.0312,0.3968,-0.015,0.015
20130402,1.0388,0.6447,0.0099,0.0146
20130403,1.0349,0.8171,-0.0033,0.0125
20130404,1.0237,0.8028,-0.0073,0.0132
20130405,1.0219,1.124,0,0.0153
20130408,1.0309,0.9737,0.01,0.0226
20130409,1.035,0.6934,0.0007,0.0131
20130410,1.0291,0.8806,-0.0123,0.0175
20130411,1.0406,0.8436,0.0125,0.0145
20130412,1.0238,0.8022,-0.0149,0.024
20130415,1.0263,0.8048,0.0133,0.0213
20130416,1.0283,1.378,0.0153,0.0206
20130417,1.0205,0.781,-0.0307,0.0332
20130418,0.9963,0.9977,-0.0243,0.027
20130419,0.9906,1.1722,0.0068,0.0253
20130422,1.009,0.6984,0.0087,0.0255
20130423,0.995,0.6656,-0.0113,0.0193
20130424,0.9965,0.7584,0.0007,0.0135
20130425,1.0014,0.7889,0.0163,0.0163
20130426,0.9955,0.8794,-0.006,0.0167
20130429,0.9917,0.6454,-0.0067,0.0114
20130430,1.0172,1.4112,0.0201,0.0282
20130502,1.0219,0.7578,0.0013,0.0098
20130503,1.026,0.4968,0,0.0104
20130506,1.0116,0.6584,-0.0169,0.0182
20130507,0.9974,0.8728,-0.0099,0.0113
20130508,0.9941,1.1374,-0.0033,0.0127
20130509,1.0119,0.8248,0.0168,0.0208
20130510,0.9859,0.9027,-0.0251,0.0251
20130513,0.987,0.6811,0.0041,0.0122
20130514,1.0024,0.7035,0.0087,0.0114
20130515,1.0024,0.8311,0.0101,0.0108
20130516,1.0079,1.1488,0.0047,0.0093
20130520,1.0005,0.9691,-0.0033,0.0107
20130521,0.9969,0.9266,-0.0119,0.0166
20130522,1.008,0.7955,0.0033,0.0126
20130523,0.9912,0.9632,-0.0054,0.0121
20130524,0.9926,0.8177,-0.0007,0.0148
20130527,0.9948,0.4949,-0.0007,0.0081
20130528,0.9921,0.933,0.002,0.0101
20130529,1.011,1.188,0.0189,0.027
20130530,1.0323,1.819,0.0171,0.0244
20130531,1.0281,1.4332,-0.0052,0.0142
20130603,1.0239,0.822,-0.0026,0.0202
20130604,1.029,0.6798,0.0046,0.0137
20130605,1.0163,1.0883,-0.0181,0.0207
20130607,0.9542,4.2047,-0.0325,0.0414
20130610,0.9537,2.0367,0.0035,0.0204
20130611,0.9304,2.5952,-0.0156,0.0291
20130612,0.9283,1.7076,0.0051,0.0298
20130613,0.9102,2.4756,-0.0167,0.029
20130614,0.919,1.2924,0.0029,0.0147
20130617,0.9175,0.8672,-0.0029,0.0095
20130618,0.9322,0.815,0.0139,0.0197
20130619,0.9208,0.7575,-0.0094,0.0152
20130620,0.8946,1.3124,-0.0104,0.0164
20130621,0.8925,2.0299,0.024,0.0332
20130624,0.8847,1.1753,-0.0274,0.0274
20130625,0.8746,1.5416,-0.0031,0.0231
20130626,0.8514,2.3293,-0.0307,0.0461
20130627,0.9047,1.8761,0.034,0.0448
20130628,0.9073,1.5165,-0.0059,0.0156
20130701,0.8972,0.9279,-0.006,0.018
20130702,0.9039,0.7396,-0.0037,0.0164
20130703,0.8816,0.9245,-0.0247,0.033
20130704,0.8931,0.6523,0.0115,0.0161
20130705,0.8603,2.1652,-0.0148,0.0428
20130708,0.8338,1.8631,-0.0192,0.0392
20130709,0.8428,1.3756,0.0057,0.0171
20130710,0.8516,1.2005,0.0024,0.012
20130711,0.8965,1.429,0.0488,0.0488
20130712,0.8976,0.7808,-0.0061,0.0174
20130715,0.8993,0.6584,-0.0015,0.0259
20130716,0.8906,0.6398,-0.0152,0.0235
20130717,0.9071,0.8467,0.0146,0.0338
20130718,0.8893,1.0795,-0.0249,0.0249
20130719,0.8778,1.1128,-0.0116,0.0241
20130722,0.8793,0.7074,-0.0055,0.0188
20130723,0.9042,0.8149,0.0267,0.0275
20130724,0.9112,0.5999,0.0061,0.0168
20130725,0.9126,0.5829,-0.0015,0.0106
20130726,0.9058,0.9317,-0.0084,0.0152
20130729,0.8936,0.8078,-0.0062,0.0163
20130730,0.8999,0.6458,0.0102,0.0141
20130731,0.8943,0.8764,0,0.0086
20130801,0.8958,0.6254,-0.0039,0.0109
20130802,0.9013,0.7747,-0.0054,0.0139
20130805,0.8944,0.5581,-0.007,0.007
20130806,0.882,0.9997,0.0072,0.0217
20130807,0.8611,1.1042,-0.0121,0.0146
20130808,0.8589,1.261,0.0033,0.0181
20130809,0.8696,0.8516,0.0008,0.0171
20130812,0.8725,0.7166,0.0016,0.0187
20130813,0.9146,1.4695,0.037,0.0386
20130814,0.9227,0.9116,0.0085,0.0116
20130816,0.9205,0.7996,0.007,0.0148
20130819,0.9155,0.4586,0,0.0124
20130820,0.9049,1.0031,-0.0208,0.0278
20130821,0.8973,0.8675,-0.0071,0.0206
20130822,0.8983,0.8407,0.004,0.0176
20130823,0.9284,1.1968,0.0117,0.0227
20130826,0.9335,0.7997,-0.0008,0.0069
20130827,0.9378,0.6347,-0.0023,0.0107
20130828,0.9427,0.6604,0.0195,0.0202
20130829,0.9691,1.1339,0.0205,0.0258
20130830,0.9875,1.1875,0.0059,0.0125
20130902,0.9764,0.6983,-0.0124,0.0154
20130903,0.9676,0.8172,-0.0198,0.0279
20130904,0.9712,0.7565,0.0075,0.0248
20130905,0.9904,1.043,-0.0036,0.0095
20130906,0.9944,0.8239,-0.0007,0.0124
20130909,0.9984,0.6454,0.0015,0.0088
20130910,1.0161,1.0193,0.0197,0.0205
20130911,1.021,0.9248,0.0029,0.0122
20130912,1.0274,1.5038,0.0036,0.0206
20130913,1.0252,0.8453,-0.0021,0.0099
20130916,1.0395,0.8044,0.0014,0.0098
20130917,1.0118,1.1744,-0.0239,0.0275
20130923,0.9938,1.6497,-0.0037,0.0205
20130924,1.0041,1.0227,0.0231,0.0306
20130925,0.9984,0.7536,-0.0022,0.0168
20130926,1.0053,0.7035,0.0059,0.0117
20130927,1.0021,0.7867,-0.0065,0.0102
20130930,1.004,0.7865,0.0007,0.0161
20131001,1.0161,0.6593,0.0014,0.0167
20131002,1.0431,1.1814,0.0143,0.025
20131004,1.0436,1.0577,-0.0139,0.0195
20131007,1.0575,0.687,-0.0007,0.0084
20131008,1.0534,0.7089,0.0092,0.0113
20131010,1.0538,0.9258,0.0063,0.0077
20131011,1.0638,0.7528,0.0021,0.0076
20131014,1.0606,0.4943,-0.0069,0.0076
20131015,1.075,0.6741,0.0048,0.0083
20131016,1.0703,0.5402,-0.0129,0.0163
20131017,1.0801,0.6147,0.0021,0.0096
20131018,1.087,0.5312,0,0.0082
20131021,1.0813,0.4837,-0.0075,0.0237
20131022,1.0749,0.8372,-0.0034,0.0178
20131023,1.0656,0.5818,-0.015,0.0191
20131024,1.0711,0.6043,0.0126,0.014
20131025,1.0716,0.459,-0.0007,0.0131
20131028,1.0965,0.7767,0.0116,0.0184
20131029,1.1028,0.7137,0,0.0081
20131030,1.1105,0.7311,0.0101,0.0108
20131031,1.0851,0.8707,-0.022,0.0247
20131101,1.1113,0.7831,0.0067,0.0215
20131104,1.1099,0.7739,0.0047,0.0087
20131105,1.0991,0.5769,-0.0113,0.02
20131106,1.0734,0.8946,-0.0314,0.0327
20131107,1.0626,0.9592,-0.0096,0.02
20131108,1.0423,1.024,-0.0007,0.0149
20131111,1.0551,0.6453,0.0021,0.0175
20131112,1.0751,0.7384,0.0111,0.0208
20131113,1.0475,0.7549,-0.018,0.0208
20131114,1.0508,0.7653,-0.0213,0.0213
20131115,1.0778,0.6344,0.0195,0.0209
20131118,1.0854,0.4939,0.0027,0.0075
20131119,1.0951,0.6366,0.004,0.0081
20131120,1.0797,0.6425,-0.002,0.0156
20131121,1.0563,0.7215,-0.0217,0.0272
20131122,1.0627,0.6954,0.0062,0.0173
20131125,1.0728,0.5428,0.0096,0.0145
20131126,1.0818,0.707,0.0144,0.0165
20131127,1.0742,0.7706,0.002,0.0109
20131128,1.0902,0.8787,0.0095,0.0101
20131129,1.0888,0.5584,-0.0033,0.0093
20131202,1.0675,0.6312,-0.022,0.024
20131203,1.0613,0.668,-0.002,0.0143
20131204,1.0388,0.9359,-0.0124,0.0152
20131205,1.0432,0.9098,0.0049,0.0167
20131206,1.0336,0.8023,-0.0179,0.0179
20131209,1.0513,0.616,0.0097,0.0097
20131210,1.0403,0.6839,-0.0007,0.0139
20131211,1.0249,0.9363,-0.0042,0.0196
20131212,1.017,1.3148,0.01,0.01
20131213,1.0019,0.8879,-0.0142,0.0149
20131216,1.0082,0.796,0.0065,0.0151
20131217,1.0037,0.6916,-0.0155,0.0169
20131218,1.0073,0.972,-0.0028,0.0114
20131219,1.0252,0.9396,0.0063,0.0113
20131220,1.0244,0.7486,0.0099,0.0099
20131223,1.0277,0.9499,-0.0028,0.0063
20131224,1.0139,0.9811,-0.0105,0.0119
20131226,1.008,1.0969,0,0.0099
20131227,0.9986,0.9385,-0.0099,0.0113
20131230,0.9808,1.4993,-0.0172,0.0265
20140102,0.9356,2.7037,-0.0289,0.0393
20140103,0.9261,2.2726,-0.0031,0.0185
20140106,0.9336,1.6852,0.0031,0.0184
20140107,0.931,1.6818,0.0031,0.0177
20140108,0.9212,1.7385,-0.0069,0.0131
20140109,0.9095,1.7905,-0.0245,0.0245
20140110,0.9071,1.5222,-0.0024,0.011
20140113,0.9234,1.3818,0.0094,0.0187
20140114,0.9362,1.2345,0.0123,0.0308
20140115,0.9262,0.9851,-0.0233,0.0248
20140116,0.9275,0.8156,0.0008,0.0131
20140117,0.9209,1.0696,-0.0069,0.0177
20140120,0.9377,0.7293,0.0084,0.0176
20140121,0.9429,0.6375,0.0068,0.0122
20140122,0.9455,0.9176,0.0107,0.0122
20140123,0.9249,0.877,-0.0129,0.0175
20140124,0.9305,1.1831,0.0054,0.0208
20140127,0.92,1.124,-0.0008,0.0147
20140128,0.914,0.9893,0.0079,0.0157
20140129,0.9124,1.619,0,0.0086
20140203,0.9072,1.3652,-0.0109,0.0132
20140204,0.8914,1.3415,-0.0111,0.0111
20140205,0.8834,1.2447,-0.0064,0.0169
20140206,0.8999,1.2672,0.0112,0.0217
20140207,0.9119,0.8305,0,0.0125
20140210,0.914,0.6522,0.0047,0.0149
20140211,0.9389,1.0625,0.0234,0.0336
20140212,0.9366,0.8423,-0.018,0.0195
20140213,0.9309,0.4971,-0.0015,0.0231
20140214,0.9338,0.5324,0.0039,0.0123
20140217,0.9232,0.805,-0.0054,0.0201
20140218,0.931,0.5118,0.0078,0.0132
20140219,0.9279,0.5437,-0.0077,0.0154
20140220,0.9256,0.8438,-0.0031,0.0116
20140221,0.9575,1.2648,-0.0023,0.0248
20140224,0.9564,0.6563,-0.0045,0.018
20140225,0.9609,0.7785,0.0015,0.0105
20140226,0.9669,1.1435,0.0037,0.0135
20140227,0.9664,0.6997,0.0045,0.009
20140228,0.9727,1.2657,0.009,0.0127
20140303,0.956,1.0799,-0.0082,0.0142
20140304,0.9496,0.7063,-0.0038,0.0106
20140305,0.9611,0.6716,-0.0037,0.0082
20140306,0.959,0.7761,-0.0023,0.0143
20140307,0.9691,0.6822,0,0.0075
20140310,0.9562,0.7815,0,0.0098
20140311,0.9586,0.8203,0.0015,0.0136
20140312,0.9393,1.1318,-0.0197,0.0205
20140313,0.9376,1.0547,-0.0031,0.0178
20140314,0.928,0.9701,0.0039,0.0118
20140317,0.9228,0.7884,-0.0071,0.0141
20140318,0.9327,0.9884,0.0063,0.0134
20140319,0.9273,0.6841,-0.0086,0.0133
20140320,0.9235,0.5334,-0.0063,0.0079
20140321,0.9327,0.7462,0.0032,0.0087
20140324,0.9342,0.6368,0.0103,0.0119
20140325,0.9167,1.2229,-0.0173,0.0229
20140326,0.9461,1.5561,0.0126,0.0331
20140327,0.9825,1.8488,0.0333,0.0372
20140328,0.9851,0.9436,0.0114,0.0136
20140331,0.9922,1.1725,-0.0015,0.0171
20140401,0.9903,0.9772,-0.0045,0.0104
20140402,1.0043,1.1543,0.0052,0.0104
20140403,1.0291,1.6739,0.0289,0.0326
20140404,1.0219,1.6061,0.0022,0.0145
20140407,1.0347,0.9375,0,0.0165
20140408,1.033,0.9235,0.005,0.0173
20140409,1.0163,1.3909,-0.0165,0.0222
20140410,1.0233,0.866,0.008,0.0146
20140411,1.0129,0.9213,0.0022,0.0066
20140414,1.0174,0.9117,0.0037,0.0154
20140415,1.0183,0.9425,-0.0115,0.013
20140416,1.0264,0.799,0.0073,0.0212
20140417,1.0195,0.6225,-0.0044,0.0102
20140418,1.026,0.8176,0.0058,0.0066
20140421,1.0282,0.2842,0.0007,0.008
20140422,1.0252,0.5252,0.0007,0.0095
20140423,1.0363,0.82,-0.0036,0.0093
20140424,1.0504,0.9104,-0.0014,0.0071
20140425,1.0452,1.3085,-0.0148,0.0211
20140428,1.0376,0.8068,-0.0114,0.0171
20140429,1.0174,0.9308,-0.0209,0.0317
20140430,1.0054,1.2793,-0.0268,0.0399
20140502,1.0083,1.2656,-0.0059,0.0111
20140507,1.0075,1.1967,-0.0044,0.0119
20140508,1.0127,1.3625,-0.0037,0.0081
20140509,1.0023,1.096,-0.0155,0.0236
20140512,1.0423,1.3224,0.0389,0.0472
20140513,1.0514,1.0065,0.0086,0.0267
20140514,1.0625,0.9223,0.0043,0.0099
20140515,1.0586,0.5664,-0.0028,0.0113
20140516,1.0719,1.3106,0.02,0.0271
20140519,1.0865,1.5826,0.014,0.0294
20140520,1.0886,1.3081,0.0042,0.0131
20140521,1.0809,0.8843,0.0042,0.0105
20140522,1.0698,0.7787,-0.0104,0.0153
20140523,1.0711,0.6962,0.0164,0.0164
20140526,1.0665,0.3077,0.0014,0.012
20140527,1.0552,0.393,-0.0071,0.0141
20140528,1.0742,0.7664,0.0099,0.0183
20140529,1.0932,1.0593,0.0069,0.0172
20140530,1.0793,1.3515,-0.0184,0.0265
20140602,1.0871,0.6418,0.0083,0.0132
20140603,1.0969,1.4901,-0.0094,0.0202
20140605,1.0859,1.1749,-0.0061,0.0205
20140609,1.049,1.9354,-0.0415,0.0483
20140610,1.0679,0.8071,0.0106,0.0232
20140611,1.0564,0.7608,0.0071,0.0127
20140612,1.049,1.1433,-0.0119,0.0203
20140613,1.0143,1.6322,-0.025,0.0292
20140616,1.0189,1.3386,-0.0043,0.0145
20140617,1.0183,1.1768,0.0103,0.0199
20140618,1.0061,0.9625,-0.0109,0.0146
20140619,0.9802,1.922,-0.0164,0.0216
20140620,0.9641,2.0336,-0.0218,0.0256
20140623,0.9795,1.0605,0.0008,0.0121
20140624,0.9963,1.0116,0.0037,0.0164
20140625,0.9776,0.8728,-0.0075,0.0113
20140626,0.981,1.0879,0.0122,0.0275
20140627,0.9704,0.7697,0.0031,0.0099
20140630,0.9781,0.7684,0.0092,0.0115
20140701,0.9688,0.7598,0.0015,0.0099
20140702,0.983,0.9731,0.0099,0.019
20140703,0.9737,0.7507,-0.0135,0.015
20140704,0.9646,0.5272,-0.0121,0.0174
20140707,0.9541,0.831,0.0008,0.0085
20140708,0.9565,1.0637,0.0008,0.0247
20140709,0.9661,1.0406,0.0163,0.0194
20140710,0.9645,0.786,-0.0015,0.0069
20140711,0.9484,0.9418,-0.0123,0.0154
20140714,0.9498,0.62,-0.0092,0.0108
20140715,0.9748,1.0429,0.0154,0.02
20140716,0.9753,0.7917,0.0061,0.0091
20140717,0.9816,0.9476,0.003,0.0113
20140718,0.9911,0.8486,0.0213,0.0221
20140721,0.9983,0.7017,0.003,0.0126
20140722,0.9945,0.5497,0,0.0096
20140723,0.9872,0.5631,-0.0118,0.0162
20140724,0.9996,0.7064,0.0037,0.02
20140725,0.9996,0.7749,0.0067,0.0149
20140728,1.0015,0.7949,0.0022,0.017
20140729,1.0217,1.1274,0.0229,0.0258
20140730,1.0278,1.5147,0.005,0.0245
20140731,0.9894,2.096,-0.0226,0.0357
20140801,0.9521,2.3875,-0.01,0.0276
20140804,0.9706,1.0175,0.0131,0.02
20140805,0.9699,0.7277,0.0115,0.0161
20140806,0.958,0.9149,-0.0046,0.0161
20140807,0.9507,0.8064,-0.0077,0.0131
20140808,0.9214,1.7311,-0.0265,0.0288
20140811,0.9361,1.5503,-0.0039,0.0196
20140812,0.9332,0.7503,-0.0031,0.0252
20140813,0.9318,1.0667,-0.0086,0.0212
20140814,0.9296,0.8643,-0.0102,0.022
20140818,0.9216,0.8687,-0.0227,0.0235
20140819,0.9247,0.8275,-0.0079,0.0158
20140820,0.9298,0.7796,-0.0024,0.0158
20140821,0.9109,1.4144,-0.0159,0.0239
20140822,0.9204,0.7025,0.0016,0.0096
20140825,0.907,0.9665,-0.0024,0.0081
20140826,0.9034,0.8968,-0.0105,0.0113
20140827,0.9101,1.0173,0.0057,0.0123
20140828,0.9197,0.864,-0.0127,0.0175
20140829,0.9149,1.2244,-0.0032,0.0081
20140901,0.91,0.4815,-0.0081,0.0105
20140902,0.8876,1.3458,-0.0221,0.0254
20140903,0.8852,1.7817,-0.0092,0.0167
20140904,0.9019,1.0184,0,0.0116
20140905,0.8964,0.9059,-0.0115,0.0173
20140911,0.8908,1.94,-0.0067,0.0125
20140912,0.8987,0.9047,0.0008,0.0067
20140915,0.8991,0.5978,-0.0058,0.0099
20140916,0.9048,0.5931,-0.0017,0.0116
20140917,0.9208,0.6309,0.0157,0.0157
20140918,0.9099,0.7923,-0.0163,0.0211
20140919,0.9111,1.1139,-0.0106,0.0139
20140922,0.8958,1.3175,-0.0133,0.0199
20140923,0.8769,1.5937,-0.0144,0.0204
20140924,0.8703,1.2822,-0.0017,0.0174
20140925,0.8765,1.5713,-0.0052,0.0164
20140926,0.8998,1.0023,0.0286,0.0321
20140929,0.9085,0.76,0.0017,0.0251
20140930,0.9013,1.0029,-0.0008,0.0194
20141001,0.8812,0.9689,-0.0153,0.023
20141002,0.8712,1.0353,-0.0206,0.0206
20141006,0.8801,1.7211,0.0052,0.0157
20141007,0.8897,0.8239,0,0.0207
20141008,0.8669,1.1962,-0.0105,0.0236
20141010,0.8497,1.7606,0.0045,0.0136
20141013,0.854,0.9145,0.024,0.0453
20141014,0.8705,1.3254,0,0.0231
20141015,0.871,1.1327,-0.0027,0.0222
20141016,0.8655,1.2172,-0.0009,0.0152
20141017,0.8477,1.308,-0.0154,0.0253
20141020,0.8632,0.7622,-0.0081,0.0143
20141021,0.8475,0.9446,-0.0101,0.0174
20141022,0.8662,0.8915,0.0064,0.0128
20141023,0.8605,0.6788,-0.0171,0.0207
20141024,0.8767,0.6667,0.0082,0.0181
20141027,0.8656,0.668,-0.0054,0.0218
20141028,0.865,0.4997,0.0009,0.0128
20141029,0.8981,1.1003,0.0273,0.0364
20141030,0.9407,1.9427,0.0461,0.0602
20141031,0.9927,3.0034,0.0384,0.0543
20141103,0.9872,1.0479,-0.012,0.0288
20141104,0.9743,1.0183,-0.0016,0.0304
20141105,0.9641,0.7954,-0.0107,0.0255
20141106,0.9674,0.6708,0.005,0.0142
20141107,0.9707,0.4746,-0.0099,0.0189
20141110,1.0214,1.5105,0.0343,0.0383
20141111,0.9927,0.9575,-0.0191,0.0271
20141112,0.9931,0.7185,-0.0008,0.0122
20141113,0.9701,0.9134,-0.0228,0.0269
20141114,0.9662,0.8481,-0.0058,0.0175
20141117,0.9759,0.7829,0.0126,0.0319
20141118,0.9889,0.8697,0,0.0098
20141119,0.9882,1.0106,-0.0162,0.021
20141120,0.9826,0.8104,0.0033,0.0116
20141121,0.994,0.9977,0.0033,0.0074
20141124,0.9923,0.8308,-0.0217,0.0305
20141125,0.9689,1.4286,-0.0278,0.0278
20141126,0.9788,0.9828,0.0092,0.0244
20141127,1.0307,3.4574,-0.0071,0.0291
20141128,1.0497,0.7662,-0.0062,0.017
20141201,1.0563,0.9961,0.0008,0.0085
20141202,1.0563,0.7141,0,0.0224
20141203,1.0587,0.7552,-0.0015,0.0046
20141204,1.0604,0.6897,-0.0015,0.0038
20141205,1.0621,0.4394,-0.0091,0.0107
20141208,1.0756,0.6184,0.0123,0.0146
20141209,1.0995,1.0535,0.0227,0.0288
20141210,1.0735,1.2381,-0.0215,0.0215
20141211,1.0638,1.5739,-0.0091,0.019
20141212,1.0487,1.1029,-0.013,0.023
20141215,1.0387,1.0945,-0.0055,0.0156
20141216,1.0443,0.9807,0.0071,0.0165
20141217,1.0343,0.9904,-0.0102,0.0235
20141218,1.0349,0.8898,0,0.0213
20141219,1.0859,1.3726,0.0263,0.0317
20141222,1.0998,1.3327,0,0.0216
20141223,1.0951,0.814,-0.0052,0.0089
20141224,1.0987,0.4663,0.003,0.003
20141226,1.1065,0.8599,0.0067,0.0089
20141229,1.0878,0.7294,-0.0119,0.0134
20141230,1.0859,0.8168,-0.0023,0.0105
20150102,1.0882,0.6748,-0.0075,0.0097
20150105,1.0905,0.7788,-0.0022,0.0172
20150106,1.0595,1.1663,-0.0152,0.0221
20150107,1.0691,1.0924,0.01,0.0224
20150108,1.0743,1.1094,-0.0187,0.0217
20150109,1.0739,0.7187,0,0.0061
20150112,1.0751,0.6429,0.0023,0.0137
20150113,1.0932,0.9497,0.019,0.0304
20150114,1.0974,1.1039,0.0045,0.0149
20150115,1.0876,1.0833,-0.0082,0.0149
20150116,1.0724,1.0394,-0.0135,0.0157
20150119,1.0937,0.5122,0.0105,0.0218
20150120,1.1161,1.0223,0.0163,0.02
20150121,1.1334,1.271,0.0205,0.0256
20150122,1.1182,1.3672,-0.0143,0.015
20150123,1.1233,0.9774,-0.01,0.0164
20150126,1.1242,0.773,0.0102,0.0225
20150127,1.1317,0.7582,0.0182,0.0189
20150128,1.1126,0.8271,-0.0058,0.0115
20150129,1.0969,1.04,-0.0058,0.0278
20150130,1.0994,1.2225,0.0037,0.0125
20150202,1.1003,0.8049,0.0022,0.0154
20150203,1.0972,0.4348,-0.0101,0.0152
20150204,1.0903,0.7181,-0.0116,0.016
20150205,1.088,0.5279,-0.0007,0.0169
20150206,1.0977,0.6255,0.0193,0.0282
20150209,1.1144,0.6785,0.0257,0.0309
20150210,1.0993,0.509,-0.0157,0.0164
20150211,1.0798,0.7773,-0.0138,0.0146
20150212,1.0699,0.8368,0.003,0.0201
20150213,1.0821,0.5106,0.0007,0.0118
20150216,1.0909,0.4912,0.0044,0.0095
20150217,1.0914,0.4582,0.0022,0.0095
20150223,1.0816,1.2208,-0.008,0.0174
20150224,1.0798,0.8726,-0.013,0.0181
20150225,1.0876,0.6749,-0.0007,0.0087
20150226,1.0829,0.6598,-0.0029,0.0087
20150227,1.0673,1.0489,-0.0131,0.0138
20150302,1.1168,1.7443,0.0349,0.0407
20150303,1.1105,1.0989,-0.0118,0.0216
20150304,1.1229,0.9346,0.0184,0.0213
20150305,1.1089,0.7749,-0.0118,0.0181
20150306,1.1217,0.9478,0.0198,0.0304
20150309,1.1019,0.6385,-0.0139,0.0139
20150310,1.1001,0.852,-0.0091,0.016
20150311,1.138,1.7196,0.0388,0.043
20150312,1.1144,1.5539,-0.0089,0.0178
20150313,1.1192,0.7673,-0.0027,0.0164
20150316,1.1258,0.7359,0.0082,0.0219
20150317,1.1431,1.1164,0.0184,0.0272
20150318,1.144,1.018,0.0047,0.0134
20150319,1.1158,1.0783,-0.0265,0.0265
20150320,1.1081,1.0323,-0.0075,0.0136
20150323,1.1074,0.6602,0.0034,0.0109
20150324,1.111,0.7402,0.0144,0.0158
20150325,1.1145,0.7591,-0.0013,0.0108
20150326,1.0641,1.6919,-0.02,0.0241
20150327,1.0622,1.3029,0.0042,0.0233
20150330,1.066,0.7442,0.0021,0.0154
20150331,1.0741,0.8204,-0.0055,0.0152
20150401,1.059,0.6085,-0.0097,0.0118
20150402,1.0653,0.5797,0,0.0119
20150403,1.0635,0.5276,0,0.0139
20150406,1.0881,0.887,0.0187,0.0381
20150407,1.0806,0.805,-0.0108,0.0156
20150408,1.0912,0.6593,0.0061,0.017
20150409,1.0921,0.7725,0.0088,0.0129
20150410,1.0949,0.8459,0.0068,0.0108
20150413,1.0845,0.8745,0,0.0156
20150414,1.0788,0.8013,-0.0074,0.0135
20150415,1.0565,1.1488,-0.0096,0.0295
20150416,1.0772,0.9137,0.0103,0.0205
20150417,1.0556,0.8635,-0.0183,0.021
20150420,1.0395,1.0521,-0.0111,0.0173
20150421,1.0479,1.0048,0.0162,0.0176
20150422,1.0582,1.0775,0.0118,0.0256
20150423,1.0491,0.7892,-0.0129,0.0204
20150424,1.0183,1.6655,-0.0269,0.038
20150427,1.0067,1.4327,-0.0106,0.0255
20150428,0.9853,1.3583,-0.0173,0.0295
20150429,0.9983,0.9414,0.0132,0.0219
20150430,1.0156,1.5741,0.0181,0.0282
20150504,1.0076,0.7108,-0.005,0.0185
20150506,0.9799,1.1313,-0.0201,0.0252
20150507,0.9853,0.8727,0.0059,0.0154
20150508,0.9623,0.8101,-0.0205,0.0234
20150511,0.9607,0.8275,-0.0176,0.0176
20150512,0.957,0.9206,-0.0104,0.0216
20150513,0.9581,0.8585,-0.0119,0.017
20150514,0.9626,0.7415,-0.0007,0.0112
20150515,0.9523,0.7822,-0.0214,0.0258
20150518,0.9476,0.8465,-0.0112,0.0195
20150519,0.96,0.7654,0.0129,0.0363
20150520,0.9798,0.9139,0.0126,0.0215
20150521,0.9697,0.6465,-0.0139,0.0204
20150522,0.9682,0.7367,-0.0022,0.0133
20150526,0.9767,0.8988,-0.0029,0.0242
20150527,0.9425,1.5386,-0.0338,0.039
20150528,0.9391,1.3346,-0.0061,0.0152
20150529,0.9378,1.5323,-0.0098,0.0182
20150601,0.9266,0.9611,-0.0069,0.01
20150602,0.9354,0.7716,0.0023,0.0115
20150603,0.914,1.0401,-0.023,0.0391
20150604,0.9597,1.7078,0.0167,0.0274
20150605,0.9624,0.8682,0.0121,0.0264
20150608,0.9431,0.8933,-0.023,0.0253
20150609,0.9203,1.2067,-0.0138,0.0323
20150610,0.9064,1.0981,-0.0156,0.025
20150611,0.9034,1.344,-0.0048,0.0166
20150612,0.9182,1.0326,-0.0008,0.018
20150615,0.9134,0.713,0.012,0.0151
20150616,0.9032,1.1223,-0.0118,0.0228
20150617,0.9033,0.8337,0.0032,0.0208
20150618,0.912,0.7328,0.0048,0.0222
20150619,0.9135,0.6365,0,0.0142
20150622,0.925,0.5749,-0.0077,0.0155
20150623,0.9544,0.9168,0.0092,0.0283
20150624,0.9413,0.9201,0.0015,0.0154
20150625,0.9182,0.9651,-0.0163,0.0264
20150626,0.9252,0.9365,0.0208,0.0304
20150629,0.928,1.047,0.0095,0.0229
20150630,0.9192,0.8976,-0.0063,0.0149
20150701,0.9393,0.7552,0.0213,0.0339
20150702,0.9426,0.7467,0.0101,0.0148
20150703,0.9207,0.6473,-0.0148,0.021
20150706,0.8941,0.9151,-0.0184,0.0295
20150707,0.9023,1.1268,0.0164,0.032
20150708,0.9025,1.0588,-0.0008,0.0153
20150709,0.922,1.2564,0.0285,0.0317
20150710,0.9182,0.8582,0.0016,0.0143
20150713,0.924,0.687,0.0128,0.0216
20150714,0.895,1.7682,-0.0316,0.0387
20150715,0.9033,0.7387,0.0082,0.0114
20150716,0.9383,0.9897,0.0482,0.0523
20150717,0.9555,1.3117,0.0038,0.0254
20150720,0.9343,0.5699,-0.0124,0.024
20150721,0.9262,0.8567,-0.0094,0.0235
20150722,0.9196,1.1841,0.0072,0.0201
20150723,0.9069,0.9315,-0.008,0.0153
20150724,0.9045,0.8794,0.0016,0.0114
20150727,0.9066,1.0867,0.0008,0.0155
20150728,0.9079,1.1926,0.0049,0.0261
20150729,0.9335,1.2219,0.0104,0.0352
20150730,0.8994,1.3626,-0.0342,0.0358
20150731,0.8787,1.7163,-0.0287,0.0385
20150803,0.8732,0.8716,-0.0076,0.0152
20150804,0.8802,1.1435,0.006,0.0145
20150805,0.865,1.1364,-0.0195,0.0203
20150806,0.8343,1.7752,-0.0346,0.0355
20150807,0.8523,1.2116,0.0143,0.0196
20150810,0.8584,0.5059,0.0009,0.0105
20150811,0.8725,1.0326,0.0052,0.0269
20150812,0.8723,0.9887,0.0035,0.0209
20150813,0.8638,0.667,-0.0113,0.013
20150817,0.8389,1.0056,-0.0316,0.0325
20150818,0.8618,1.0233,0.0116,0.0215
20150819,0.8811,1.7746,-0.0128,0.0299
20150820,0.8715,0.9599,-0.0206,0.0353
20150821,0.8446,1.7975,0.0018,0.0291
20150824,0.83,1.9507,-0.0083,0.0754
20150825,0.8322,1.6887,0,0.0371
20150826,0.8252,2.362,-0.0009,0.0225
20150827,0.8276,2.0611,-0.0139,0.0213
20150828,0.841,1.9033,-0.0046,0.012
20150831,0.8497,1.6664,0.0168,0.0345
20150901,0.8492,0.9776,-0.0037,0.0156
20150902,0.8557,1.265,0.0196,0.0281
20150903,0.8834,1.2292,0.0181,0.0272
20150904,0.8914,1.0122,-0.0131,0.0227
20150907,0.8805,0.7711,-0.0151,0.0213
20150908,0.8978,0.7356,0.0162,0.027
20150909,0.9129,1.0446,0.0009,0.0096
20150910,0.9048,1.451,0.0035,0.0186
20150911,0.8919,0.8185,-0.0098,0.016
20150914,0.9014,0.6717,0.0036,0.0125
20150915,0.903,0.9373,0.0081,0.0135
20150916,0.9285,1.3743,0.0277,0.0321
20150917,0.9345,1.1,0.0035,0.0113
20150918,0.9627,1.7443,0.0393,0.0498
20150921,0.932,0.8246,-0.0112,0.0198
20150922,0.9298,1.0053,0.0017,0.0175
20150923,0.9205,0.7981,-0.0114,0.0166
20150924,0.9185,0.5366,0,0.0089
20150925,0.9089,0.8476,-0.0071,0.0143
20150930,0.9287,1.8409,0.0309,0.04
20151001,0.9302,0.9649,-0.0053,0.0211
20151002,0.9195,1.0944,0.0063,0.0189
20151005,0.9179,0.9642,-0.0036,0.0143
20151006,0.949,1.5151,0.0186,0.0248
20151007,1.0321,3.0859,0.0442,0.0551
20151008,1.0483,2.1699,0.016,0.0232
20151012,1.0406,1.4308,0,0.0127
20151013,1.0347,0.7469,-0.0063,0.019
20151014,1.0373,0.6611,0.0048,0.0184
20151015,1.0505,0.9348,0.0201,0.0314
20151016,1.0479,0.542,0,0.0079
20151019,1.0413,0.4421,-0.0008,0.0127
20151020,1.0501,0.572,0.0048,0.0135
20151021,1.0537,0.5342,0.004,0.0182
20151022,1.0622,0.8869,0,0.0203
20151023,1.0697,1.0098,-0.0085,0.0169
20151026,1.0723,0.5846,-0.0046,0.02
20151027,1.077,0.5101,0.0125,0.014
20151028,1.0856,1.0512,0.0108,0.0131
20151029,1.0999,2.4024,-0.0038,0.0511
20151030,1.1384,1.9186,0.0201,0.0364
20151102,1.1465,1.4498,-0.0014,0.0137
20151103,1.12,1.1299,-0.021,0.0224
20151104,1.1011,1.0532,-0.0163,0.0259
20151105,1.1104,0.6499,0.009,0.018
20151106,1.1065,0.6171,-0.0037,0.0134
20151109,1.1107,0.699,0.0045,0.0172
20151110,1.091,0.7436,-0.0112,0.0202
20151111,1.1003,0.5291,0.0091,0.0182
20151112,1.0866,0.5927,-0.012,0.0128
20151113,1.0725,0.6677,-0.0129,0.0129
20151116,1.0424,1.0333,-0.0217,0.0217
20151117,1.0485,0.6982,-0.0039,0.0157
20151118,1.0575,0.6301,0.0071,0.0142
20151119,1.064,0.7249,-0.0008,0.0147
20151120,1.0606,0.6357,-0.0031,0.014
20151123,1.058,0.749,-0.0023,0.0163
20151124,1.072,0.6013,0.0133,0.0179
20151125,1.072,0.5379,-0.0008,0.0085
20151126,1.1011,0.6996,0.0277,0.0316
20151127,1.0937,0.6403,-0.0134,0.0164
20151130,1.0578,1.9918,-0.0309,0.0309
20151201,1.0876,0.9398,0.0209,0.0263
20151202,1.07,0.8576,-0.0159,0.0212
20151203,1.0615,0.6231,-0.0039,0.0085
20151204,1.0442,0.7193,-0.0047,0.0102
20151207,1.0381,0.7376,-0.0055,0.0102
20151208,1.0379,0.5208,0,0.0079
20151209,1.0389,0.6857,0.0008,0.0103
20151210,1.0555,1.1457,0.0158,0.0238
20151211,1.0562,0.7772,0.0008,0.0179
20151214,1.0373,0.8367,-0.0094,0.0141
20151215,1.0503,0.6613,0.0127,0.0159
20151216,1.0678,0.7837,0.0164,0.025
20151217,1.0599,0.6588,-0.0085,0.0254
20151218,1.0496,0.6368,0.0103,0.019
20151221,1.0508,0.6094,0.0016,0.0188
20151222,1.0604,0.7851,0.0094,0.0195
20151223,1.0622,0.7918,0.0023,0.0132
20151224,1.0531,0.6023,-0.0077,0.0116
20151228,1.0368,0.8754,-0.0148,0.0179
20151229,1.0264,0.8983,-0.0087,0.0198
20151230,1.0304,0.7881,0,0.0143
20160104,0.9847,1.1904,-0.0437,0.0437
20160105,0.9866,0.8397,0.005,0.0266
20160106,0.9593,1.4119,-0.0273,0.0331
20160107,0.9495,1.085,-0.0026,0.0274
20160108,0.9559,0.9891,0.0069,0.0198
20160111,0.9403,0.9226,-0.0035,0.0173
20160112,0.9351,0.7894,-0.0017,0.0192
20160113,0.9366,0.5503,-0.0043,0.0095
20160114,0.9286,0.8086,0.0062,0.0097
20160115,0.9237,0.8105,-0.007,0.0246
20160118,0.9186,1.2433,0.0349,0.0414
20160119,0.9546,0.8123,0.0381,0.0381
20160120,0.9273,0.6606,-0.019,0.0241
20160121,0.9211,0.7639,-0.0018,0.0265
20160122,0.9504,0.6004,0.0201,0.0201
20160125,0.9449,0.6589,-0.0085,0.0171
20160126,0.9242,0.6347,-0.0156,0.0182
20160127,0.9544,1.1487,0.0435,0.0435
20160128,0.9296,1.3135,-0.0163,0.0249
20160129,0.9335,1.8069,0.0088,0.0298
20160201,0.9438,1.0747,0.0095,0.0104
20160202,0.9378,0.6883,-0.0043,0.0164
20160203,0.9296,0.7223,-0.0035,0.013
20160204,0.9376,1.0269,0.0052,0.0113
20160205,0.9438,0.7846,0.0069,0.0112
20160211,0.9162,1.268,0.0107,0.017
20160212,0.9161,1.0604,0,0.0257
20160215,0.9354,0.7595,0,0.0139
20160216,0.9466,0.7532,0.0086,0.019
20160217,0.9601,1.0286,0.0051,0.0271
20160218,0.9618,0.9384,-0.0133,0.0208
20160219,0.9639,0.7469,0.0025,0.0177
20160222,0.9515,0.741,-0.0126,0.0218
20160223,0.956,0.627,0.0017,0.0136
20160224,0.9483,0.5962,-0.0051,0.0153
20160225,0.9535,0.569,0.006,0.0128
20160226,0.9475,0.7643,-0.0068,0.0127
20160229,0.9521,1.2415,-0.0008,0.0153
20160302,0.9668,1.0182,-0.0025,0.0092
20160303,0.9845,0.9443,0.0058,0.0148
20160304,0.98,0.8757,-0.0041,0.0213
20160307,0.9867,0.588,0.0025,0.0131
20160308,0.9623,0.9833,-0.0253,0.0311
20160309,0.9644,0.8415,0.0051,0.0185
20160310,0.9897,1.2961,0.0141,0.029
20160311,1.0091,1.2164,0.0196,0.0302
20160314,1.0141,0.9899,-0.0095,0.0189
20160315,1.0125,0.7867,-0.0016,0.0143
20160316,1.0149,0.6676,0,0.008
20160317,1.0206,1.1174,-0.0016,0.0308
20160318,1.0287,1.0159,-0.0039,0.0117
20160321,1.024,0.8187,-0.0055,0.0165
20160322,1.0257,0.9193,0.0016,0.0134
20160323,1.0339,0.8927,0.0079,0.0134
20160324,1.0365,0.9855,0.0023,0.0188
20160325,1.0415,0.6499,0.0039,0.0094
20160328,1.0466,0.5621,0.0047,0.0093
20160329,1.0441,0.8124,-0.0031,0.0116
20160330,1.0593,1.2678,-0.0015,0.0145
20160331,1.0629,1.8058,0.0046,0.0123
20160401,1.0366,1.2803,-0.0154,0.0293
20160404,1.058,0.8873,0.0203,0.0203
20160405,1.0221,1.1113,-0.03,0.03
20160406,1.0429,0.8664,0.0126,0.0181
20160407,1.0304,1.2135,-0.0238,0.0323
20160408,1.0124,1.1749,-0.0181,0.0229
20160411,1.0291,0.564,0.0161,0.0201
20160412,1.0366,0.6277,0.0039,0.0118
20160414,1.0566,1.5658,0,0.01
20160415,1.0564,0.6393,-0.0069,0.0153
20160418,1.0554,0.6024,0.0031,0.01
20160419,1.0464,0.6803,-0.0046,0.01
20160420,1.0553,0.808,0.0133,0.014
20160421,1.0511,0.6835,-0.0046,0.01
20160422,1.0399,0.5421,-0.0108,0.0131
20160425,1.0409,0.4351,-0.0031,0.0109
20160426,1.0534,0.7905,0.0086,0.0171
20160427,1.0569,0.7861,0.0046,0.0108
20160428,1.0286,1.4043,-0.0269,0.03
20160429,1.0129,1.5522,-0.0119,0.0198
20160502,1.0174,0.674,0.0024,0.0136
20160503,1.0266,0.7583,-0.0047,0.011
20160504,1.05,1.4039,0.0142,0.022
20160509,1.057,1.4855,0.007,0.0116
20160510,1.0543,0.8115,-0.0023,0.0092
20160511,1.0508,0.8377,-0.0031,0.0093
20160512,1.0419,0.7274,-0.0085,0.0132
20160513,1.0194,1.1712,-0.0219,0.0234
20160516,1.0154,1.1167,-0.004,0.0128
20160517,1.0285,0.8747,0.012,0.0128
20160518,1.032,0.8744,0.0032,0.0127
20160519,1.0338,0.9536,0.0016,0.0087
20160520,1.0331,0.7585,-0.0008,0.0087
20160523,1.0469,0.7729,0.0134,0.0134
20160524,1.0348,0.994,-0.0117,0.0163
20160525,1.0544,1.1285,0.0094,0.0187
20160526,1.0551,1.1982,-0.0023,0.0062
20160527,1.0436,1.2986,-0.0138,0.0215
20160530,1.0418,0.9758,-0.0131,0.0177
20160531,1.0512,5.636,0.0094,0.025
20160601,1.0835,2.1031,0.027,0.0354
20160602,1.108,2.1057,0.0111,0.0193
20160603,1.116,1.5112,0.0051,0.0109
20160607,1.1308,2.0329,0.0087,0.0159
20160608,1.1352,1.6437,-0.0092,0.0211
20160609,1.1519,2.2253,0.0156,0.017
20160610,1.1302,1.2463,-0.0126,0.0147
20160613,1.1001,1.303,-0.0179,0.0244
20160614,1.1052,1.0471,0.0066,0.0124
20160615,1.1291,1.3029,0.0202,0.0238
20160616,1.1233,1.2438,-0.0028,0.0156
20160617,1.1346,1.3896,0.0113,0.0177
20160620,1.1359,1.1389,0.0028,0.0154
20160621,1.1465,0.844,0.0112,0.0161
20160622,1.1417,0.7527,-0.0007,0.0131
20160623,1.1274,0.9443,-0.0097,0.0125
20160624,1.1015,1.7056,-0.0311,0.0588
20160627,1.098,0.9841,-0.0014,0.0143
20160628,1.0966,0.8948,0.0065,0.018
20160629,1.0921,0.8871,-0.0085,0.0149
20160630,1.1125,1.1515,0.0121,0.0341
20160701,1.1418,1.2061,0.0273,0.0364
20160704,1.139,0.6703,0.0014,0.0157
20160705,1.1385,0.6624,0.002,0.0089
20160706,1.0991,1.401,-0.018,0.0276
20160707,1.1188,0.9646,0.0204,0.0239
20160708,1.1236,1.132,0.0069,0.0179
20160711,1.143,1.174,0.0199,0.0274
20160712,1.1213,0.9193,-0.0233,0.03
20160713,1.1317,0.8362,-0.01,0.0221
20160714,1.1435,1.0373,0.0128,0.0162
20160715,1.1543,0.9677,0.012,0.024
20160718,1.1626,0.9608,0.0099,0.0217
20160719,1.1595,0.8389,0.0033,0.0118
20160720,1.1616,0.6438,0.0046,0.0117
20160721,1.1606,0.7066,0.0019,0.0065
20160722,1.1374,0.7101,0.0066,0.0146
20160725,1.1241,0.6432,0.0013,0.0187
20160726,1.1423,0.6035,0.02,0.022
20160727,1.1374,0.531,0.0099,0.0112
20160728,1.1201,0.7969,-0.017,0.0248
20160729,1.1412,1.2478,0.0125,0.0303
20160801,1.1594,0.9583,-0.0006,0.0127
20160802,1.1417,0.6925,-0.0128,0.014
20160803,1.1164,0.6285,-0.02,0.02
20160804,1.1142,0.5902,-0.0013,0.0105
20160805,1.1439,0.5878,0.0209,0.0255
20160808,1.1471,0.9378,0.0019,0.0121
20160809,1.1431,0.7595,-0.0044,0.014
20160810,1.1218,1.0387,-0.0166,0.023
20160811,1.1326,0.8872,0.0117,0.0214
20160812,1.1202,0.8812,-0.009,0.0167
20160816,1.1344,0.9116,0.0149,0.0201
20160817,1.1306,0.6273,-0.0019,0.0121
20160818,1.181,1.5345,0.0466,0.0498
20160819,1.2028,1.3958,0.0226,0.0238
20160822,1.1924,1.0419,-0.0054,0.0197
20160823,1.2048,0.9515,0.0132,0.0222
20160824,1.1776,1.3107,-0.0161,0.0274
20160825,1.1649,1.1703,0.0055,0.0227
20160826,1.143,0.9969,0.0037,0.0125
20160829,1.1601,0.7382,0.0237,0.0268
20160830,1.1605,0.6513,-0.0012,0.0231
20160831,1.1402,1.6879,-0.0128,0.0183
20160901,1.1144,1.5373,0.0025,0.0158
20160902,1.1187,0.6695,0.0013,0.0157
20160905,1.1223,0.6871,0.0101,0.0189
20160906,1.1452,0.6273,0.0224,0.0299
20160907,1.1274,0.7901,-0.0164,0.0188
20160908,1.1372,0.99,0.0099,0.0154
20160909,1.0907,1.0814,-0.0223,0.0335
20160912,1.0133,2.1279,-0.0168,0.0336
20160913,1.0545,1.9594,0.0126,0.0358
20160919,1.074,1.7553,0.013,0.0215
20160920,1.0903,1.0065,0.0167,0.0186
20160921,1.0928,0.8148,-0.0019,0.0157
20160922,1.1082,0.8841,0.0113,0.0263
20160923,1.074,1.4047,-0.007,0.0202
20160926,1.0697,1.115,-0.0019,0.0204
20160927,1.068,0.7587,0.0123,0.0271
20160928,1.0644,0.6708,0.0084,0.0122
20160929,1.0843,0.8758,0.0172,0.0299
20160930,1.0807,0.9059,0.005,0.0189
20161004,1.0892,1.0073,0.0025,0.0112
20161005,1.0902,0.9594,0.0112,0.0181
20161006,1.1356,2.2384,-0.0029,0.0195
20161007,1.1424,1.9456,0.0035,0.0153
20161010,1.1218,1.8709,0.0182,0.037
20161011,1.0296,2.7873,-0.0344,0.05
20161012,1.0211,2.7751,0.0268,0.0341
20161013,1.0338,1.5384,0.0045,0.0232
20161014,1.0449,0.9933,0.0187,0.0265
20161017,1.0513,0.8939,0.016,0.0409
20161018,1.0485,0.7249,0.0108,0.0146
20161019,1.0698,1.0744,0.0291,0.0431
20161020,1.0642,0.7194,-0.0037,0.0258
20161021,1.0419,0.7307,-0.0106,0.0156
20161024,1.052,0.6499,0.0094,0.0113
20161025,1.0427,0.6905,-0.0019,0.0075
20161026,1.0213,0.765,-0.0188,0.0232
20161027,1.0236,1.0323,0.0013,0.0388
20161028,1.0486,0.7544,0.0215,0.0215
20161031,1.063,0.8946,0.0142,0.0173
20161101,1.0697,0.7744,0.0135,0.0245
20161102,1.0622,0.7608,0.0018,0.0128
20161103,1.0435,0.7883,-0.0086,0.0209
20161104,1.0491,0.5445,0.0137,0.0181
20161107,1.0556,0.5907,-0.0043,0.0097
20161108,1.0565,0.4199,-0.003,0.0085
20161109,1.0244,1.2153,-0.0304,0.0401
20161110,1.0568,0.916,0.0117,0.0196
20161111,1.023,0.9997,0.0082,0.0208
20161114,0.9934,1.177,-0.0263,0.0276
20161115,0.9839,1.0599,-0.009,0.027
20161116,0.9953,1.0287,0.0117,0.0156
20161117,1.0008,0.61,0.0084,0.0199
20161118,1.0111,0.7395,0.0025,0.0114
20161121,1.0143,0.6413,0.0179,0.0262
20161122,1.0426,0.765,0.0205,0.028
20161123,1.0467,0.9922,-0.0072,0.0211
20161124,1.0458,0.6104,0.0006,0.0115
20161125,1.0446,0.4971,0.0055,0.0116
20161128,1.0603,1.0484,0.0164,0.0248
20161129,1.0588,1.4145,-0.0077,0.0172
20161130,1.1002,2.212,0.0411,0.0417
20161201,1.1,1.2005,0.0052,0.0115
20161202,1.0843,1.1847,0.0017,0.018
20161205,1.0771,0.6575,0.0006,0.0134
20161206,1.094,1.0826,0.0151,0.0232
20161207,1.107,0.7428,0.0114,0.0126
20161208,1.1162,1.2693,-0.005,0.0139
20161209,1.1082,0.822,-0.0084,0.0139
20161212,1.0892,0.8809,0.011,0.0202
20161213,1.0963,0.9006,0.0202,0.0237
20161214,1.1016,0.5748,-0.0006,0.0112
20161215,1.089,0.4461,0.0103,0.0195
20161216,1.1081,0.9054,0.0159,0.0232
20161219,1.1073,0.4197,0.0079,0.0213
20161220,1.1159,0.5878,0.0089,0.0156
20161221,1.1097,0.5056,-0.0072,0.016
20161222,1.1101,0.4916,-0.0022,0.0088
20161223,1.0919,0.6481,-0.0105,0.0133
20161226,1.1001,0.3771,0.0101,0.0124
20161227,1.0991,0.3648,0,0.0094
20161228,1.0905,0.5227,-0.0022,0.0106
20161229,1.0971,0.5894,0.0175,0.0181
20170102,1.0974,0.3653,0.0033,0.01
20170103,1.1072,0.5797,0.0055,0.0165
20170104,1.0959,0.6286,-0.0093,0.0115
20170105,1.0761,0.8658,-0.0139,0.0144
20170106,1.0939,0.702,0.0006,0.0111
20170109,1.1225,1.0407,0.0169,0.0257
20170110,1.1211,0.7187,-0.0011,0.0086
20170111,1.15,0.9458,0.0203,0.0304
20170112,1.1636,0.9232,0.0211,0.0216
20170113,1.1221,1.263,-0.0168,0.0226
20170116,1.097,1.3109,-0.0054,0.0407
20170117,1.1049,0.6449,0.0104,0.0241
20170118,1.103,0.7062,-0.0027,0.0238
20170119,1.1176,0.7523,-0.0064,0.0239
20170120,1.1076,0.7353,0.0022,0.0145
20170123,1.1314,0.7054,0.0231,0.0285
20170124,1.1326,0.8824,0.001,0.0184
20170125,1.167,1.079,0.0276,0.0282
20170126,1.179,1.2255,0.0122,0.0147
20170131,1.1634,1.4378,-0.011,0.011
20170201,1.151,1.1256,-0.0106,0.0157
20170202,1.1558,1.1886,-0.0061,0.0116
20170203,1.1564,0.8209,0.0015,0.0081
20170206,1.157,0.7021,-0.0005,0.0131
20170207,1.1329,1.1119,-0.0187,0.0207
20170208,1.1177,1.3637,-0.0088,0.015
20170209,1.1151,1.1022,-0.0098,0.016
20170210,1.1117,0.8952,-0.001,0.012
20170213,1.0981,0.9032,0.0058,0.009
20170214,1.0853,1.0654,-0.01,0.0248
20170215,1.0877,1.1495,0.0173,0.0237
20170216,1.0942,0.8338,0.0058,0.0153
20170217,1.0876,1.2529,0.008,0.0202
20170220,1.1082,0.6111,0.0115,0.0162
20170221,1.1138,0.8609,0.0104,0.0296
20170222,1.1218,0.6977,0.0077,0.0092
20170223,1.1161,0.8358,0.0041,0.0108
20170224,1.0869,0.7628,-0.019,0.0267
20170227,1.0806,0.7433,0.0011,0.0116
20170228,1.0899,1.2565,0.01,0.021
20170302,1.1244,1.7767,0.0338,0.0375
20170303,1.1197,1.0739,0.0071,0.0142
20170306,1.1298,1.0573,0.0219,0.0255
20170307,1.1301,0.935,0.0101,0.0131
20170308,1.1273,1.085,0,0.0119
20170309,1.1245,1.2842,0,0.007
20170310,1.1213,0.916,0.0055,0.014
20170313,1.1303,0.6666,0.014,0.0235
20170314,1.1486,1.0207,0.0182,0.0256
20170315,1.1469,0.8647,0.0147,0.0157
20170316,1.1558,0.8963,0.001,0.0153
20170317,1.168,1.1337,0.0144,0.0187
20170320,1.1511,0.9218,-0.0024,0.009
20170321,1.1656,1.2746,0.0187,0.022
20170322,1.1594,1.4694,0.0207,0.0212
20170323,1.1384,1.3709,-0.0095,0.0156
20170324,1.1275,1.1396,-0.0024,0.0216
20170327,1.1169,1.0818,0,0.017
20170328,1.1219,0.7311,-0.0019,0.0111
20170329,1.1271,0.8983,0.001,0.0091
20170330,1.1296,0.7295,0.0024,0.0134
20170331,1.1062,0.9313,-0.0148,0.0196
20170403,1.11,0.8465,0.001,0.0101
20170404,1.1241,1.0862,0.0115,0.0159
20170405,1.123,0.9493,0.0057,0.0129
20170406,1.1121,0.8615,-0.0038,0.0114
20170407,1.1026,0.8956,-0.0048,0.0158
20170410,1.1083,0.642,0,0.0105
20170411,1.0963,0.6484,-0.0081,0.0086
20170412,1.1012,0.7478,0.001,0.0057
20170413,1.1117,0.8173,0.0182,0.0192
20170414,1.0983,0.495,-0.0033,0.0119
20170417,1.0838,0.4754,-0.0105,0.0133
20170418,1.0798,0.6276,-0.0043,0.013
20170419,1.062,1.0721,-0.0097,0.0126
20170420,1.044,1.9018,-0.0074,0.0177
20170421,1.0544,1.3584,0.0069,0.0227
20170424,1.0647,0.8137,-0.0005,0.0082
20170425,1.1002,1.7616,0.0299,0.0342
20170426,1.1006,1.3514,0.0023,0.0066
20170427,1.1246,2.0891,0.0267,0.06
20170428,1.1416,2.0315,-0.0253,0.028
20170502,1.1459,1.2597,-0.0132,0.0163
20170504,1.1587,1.2214,-0.0039,0.0184
20170508,1.1935,1.7423,0.033,0.0369
20170510,1.1545,2.0595,-0.0121,0.0351
20170511,1.1489,1.8558,0.0018,0.0211
20170512,1.154,0.8234,0.0013,0.0109
20170515,1.1579,0.6989,0.0105,0.0145
20170516,1.1617,0.7669,-0.006,0.015
20170517,1.1577,0.6492,0.0048,0.0117
20170518,1.1448,0.9711,0.0044,0.0101
20170519,1.1121,1.3618,-0.0202,0.0232
20170522,1.119,1.5099,0.0013,0.0138
20170523,1.1121,1.0731,-0.0106,0.015
20170524,1.1086,0.7382,0.0004,0.0111
20170525,1.1256,1.1024,0.0115,0.0195
20170526,1.1327,1.1418,0.0105,0.0202
20170529,1.1187,0.7317,-0.013,0.0221
20170530,1.0923,1.0367,-0.0193,0.0259
20170531,1.0915,1.5387,0.0027,0.0139
20170601,1.0888,0.8023,-0.004,0.0111
20170602,1.1174,1.0235,0.02,0.0213
20170605,1.114,0.6245,-0.0022,0.0139
20170607,1.0961,1.1238,-0.0258,0.0271
20170608,1.0906,1.1435,0.0036,0.0129
20170609,1.111,0.9577,0.0092,0.0184
20170612,1.0917,0.8949,-0.0009,0.0101
20170613,1.0905,0.7064,0.0058,0.0106
20170614,1.0875,0.8366,-0.0096,0.0179
20170615,1.0928,0.7992,0,0.0162
20170616,1.0881,1.4294,0.0018,0.0105
20170619,1.109,0.9266,0.0215,0.0219
20170620,1.1437,1.2276,0.0191,0.0195
20170621,1.1253,0.8133,-0.0054,0.0134
20170622,1.134,0.9321,0,0.0075
20170623,1.1235,0.7752,0.0004,0.0076
20170626,1.1366,0.6996,0.016,0.0177
20170627,1.1349,0.7902,0.0017,0.0104
20170628,1.1186,0.792,0.0021,0.0092
20170629,1.1219,0.6906,-0.0021,0.0079
20170630,1.1104,0.9901,0.0008,0.0109
20170703,1.101,0.569,-0.0059,0.0139
20170704,1.0939,0.6661,-0.0034,0.0106
20170705,1.1052,0.8929,0.0162,0.0192
20170706,1.1138,0.9214,0.0013,0.0079
20170707,1.1068,0.6892,0.0025,0.0105
20170710,1.1226,0.9148,0.0033,0.012
20170711,1.1276,0.8247,0.0074,0.0148
20170712,1.1446,0.8075,0.018,0.0237
20170713,1.1568,1.3628,0.0096,0.018
20170714,1.1516,0.7014,-0.0102,0.0129
20170717,1.1519,0.7684,-0.0051,0.0098
20170718,1.1533,0.6067,0.0083,0.0103
20170719,1.148,0.955,0.0024,0.0162
20170720,1.1553,0.7163,0.0087,0.015
20170721,1.1495,0.7243,0.0043,0.0126
20170724,1.1413,0.6098,0.0032,0.0075
20170725,1.119,0.9271,-0.0099,0.0162
20170726,1.1125,0.9659,0.0048,0.0145
20170727,1.1092,0.9936,-0.004,0.0216
20170728,1.0618,2.2446,-0.041,0.0486
20170731,1.0696,1.089,0.0164,0.0278
20170801,1.0765,0.9742,0.0125,0.0271
20170802,1.0833,0.6689,-0.0041,0.015
20170803,1.0545,1.3352,-0.0249,0.0384
20170804,1.051,0.7194,-0.0096,0.0141
20170807,1.0468,0.6213,0.0017,0.0135
20170808,1.0484,0.6888,-0.0054,0.0163
20170809,1.0156,1.2511,-0.0236,0.0245
20170810,1.0064,1.9538,-0.0065,0.0186
20170811,0.9779,2.1363,-0.0111,0.0239
20170814,0.9855,1.6011,-0.0027,0.0151
20170816,1.011,1.8171,-0.0004,0.0082
20170817,1.0284,1.033,0.0017,0.0119
20170818,1.0242,0.8753,0.003,0.0214
20170821,1.0217,0.4291,-0.0085,0.014
20170822,1.0239,0.6232,0.0038,0.0098
20170823,1.033,0.7915,-0.0063,0.0126
20170824,1.0325,0.7311,0,0.0067
20170825,1.0206,0.947,-0.018,0.0242
20170828,0.9995,0.8394,-0.0196,0.0272
20170829,0.9981,1.061,0.0096,0.0202
20170830,0.9998,0.634,-0.0039,0.0095
20170831,1.0015,0.929,0.0022,0.0138
20170901,1.0039,0.897,0.0004,0.0073
20170904,0.9935,0.6708,0.0057,0.0188
20170905,1.008,0.9855,0.0112,0.0203
20170906,1.012,0.9066,0.0051,0.0103
20170907,1.0347,0.8105,0.0238,0.026
20170908,1.0538,0.911,0.0078,0.0123
20170911,1.0675,0.8641,0.002,0.0137
20170912,1.0614,0.9963,-0.012,0.0215
20170913,1.06,0.7734,-0.004,0.0193
20170914,1.0723,1.1717,0.0048,0.0112
20170915,1.0722,0.895,0.002,0.0139
20170918,1.1136,0.9617,0.0384,0.0388
20170919,1.1034,0.8214,-0.0072,0.0164
20170920,1.1033,0.7814,0.0019,0.0127
20170921,1.1132,0.7471,0.0111,0.0142
20170922,1.1153,1.1857,0.0008,0.0215
20170925,1.1262,0.8015,0.0117,0.0128
20170926,1.0835,1.4657,-0.0257,0.0294
20170927,1.0825,0.9301,-0.0062,0.0135
20170928,1.0728,1.0427,-0.0191,0.023
20170929,1.0719,1.1296,0.002,0.0152
20171010,1.102,1.7968,-0.0105,0.0157
20171011,1.1383,1.191,0.0194,0.0265
20171012,1.1396,1.2056,-0.0007,0.0193
20171013,1.1212,1.0901,-0.0099,0.0194
20171016,1.1178,0.8435,-0.0011,0.0204
20171017,1.1339,0.9162,0.0144,0.0255
20171018,1.1308,0.8776,-0.0011,0.0219
20171019,1.0922,1.0561,-0.0314,0.0314
20171020,1.1079,0.7029,0.0197,0.0246
20171023,1.1152,0.728,-0.0055,0.0117
20171024,1.108,0.5118,-0.0121,0.0135
20171025,1.1033,0.5222,-0.0026,0.0133
20171026,1.0711,0.867,-0.0246,0.0279
20171027,1.0832,0.6585,0.013,0.0225
20171030,1.1007,0.7369,0.0048,0.0115
20171031,1.1195,1.1993,0.0189,0.0359
20171101,1.1603,1.2981,-0.0049,0.023
20171102,1.1545,0.9564,-0.0077,0.0132
20171103,1.1382,0.8894,-0.0119,0.0224
20171106,1.1356,0.8093,0,0.0206
20171107,1.1277,0.6738,-0.005,0.0188
20171108,1.1383,0.7707,0.0118,0.0214
20171109,1.1274,1.0817,-0.0102,0.0179
20171110,1.1262,0.6105,0.0108,0.0136
20171113,1.1234,0.7973,-0.0004,0.0124
20171114,1.1119,0.6148,-0.0082,0.0145
20171115,1.0985,0.8078,-0.0104,0.0179
20171116,1.1055,0.7049,0.0061,0.0108
20171117,1.1045,0.9894,-0.0103,0.0188
20171120,1.0906,0.8749,-0.0125,0.014
20171121,1.0906,0.9528,-0.0022,0.0101
20171122,1.1023,0.7343,-0.0004,0.0104
20171123,1.0878,0.581,-0.0118,0.0172
20171124,1.0893,0.4221,0.0029,0.0058
20171127,1.0329,1.6717,-0.0491,0.0491
20171128,1.0443,1.243,0.011,0.0296
20171129,1.0299,0.8808,-0.0113,0.0139
20171130,0.9939,2.6685,0,0.0327
20171201,0.9941,1.1565,0.0008,0.0193
20171204,1.0032,1.3312,0.0098,0.026
20171205,1.001,0.8343,0.013,0.0202
20171206,0.9765,0.974,-0.0242,0.03
20171207,0.9902,0.9886,0.014,0.0192
20171208,1.0144,1.0071,0.0125,0.0187
20171211,1.0099,0.7299,-0.0042,0.0104
20171212,1.0158,0.787,0.0054,0.0085
20171213,1.0004,1.0155,-0.015,0.0192
20171214,0.9953,1.7984,-0.0051,0.0238
20171215,0.9868,1.3175,-0.0121,0.0187
20171218,0.9981,0.6493,0.0115,0.0122
20171219,1.005,1.0548,0.0004,0.0109
20171220,0.9918,0.8854,-0.012,0.0183
20171221,0.958,1.3665,-0.0365,0.0384
20171222,0.9689,0.9795,0.0061,0.0146
20171226,0.94,1.3972,-0.0314,0.0382
20171227,0.9623,0.9486,0.0082,0.0225
20171228,0.993,0.796,0.0282,0.0295
20180102,0.9937,0.7526,-0.007,0.0121
20180103,1.0048,0.8876,-0.0175,0.0217
20180104,0.9937,1.0402,-0.02,0.0295
20180105,1.0131,0.8424,0.016,0.0179
20180108,1.0103,0.7441,-0.0073,0.0195
20180109,0.9783,1.5848,-0.0206,0.0338
20180110,0.9475,1.6277,-0.0329,0.0372
20180111,0.9355,2.1984,0.0008,0.0257
20180112,0.934,2.3824,-0.0008,0.0357
20180115,0.94,0.8891,-0.0053,0.0217
20180116,0.9675,1.798,0.0254,0.0312
20180117,0.9597,0.9758,-0.008,0.0192
20180118,0.9646,1.3059,-0.0024,0.0164
20180119,0.9529,0.8079,-0.021,0.0266
20180122,0.9318,1.0923,-0.0082,0.0148
20180123,0.9493,1.1763,0.0103,0.0177
20180124,0.9524,0.8295,0.0098,0.0233
20180125,0.9696,0.9694,0.0211,0.0244
20180126,0.9787,0.8987,0.0055,0.0186
20180129,0.9862,1.0287,0.0004,0.0113
20180130,0.9582,1.063,-0.0127,0.017
20180131,0.9595,5.3486,-0.0024,0.0908
20180201,0.9573,2.2515,-0.0158,0.0245
20180202,0.9163,2.3453,-0.034,0.0344
20180205,0.9203,2.2431,0.0305,0.0499
20180206,0.9106,1.5247,0.0176,0.0288
20180207,0.8799,1.8225,-0.0506,0.051
20180208,0.8843,1.79,-0.0026,0.0139
20180209,0.8601,1.3372,0.0059,0.0171
20180212,0.8804,1.2029,0.0137,0.0284
20180213,0.9158,1.4343,0.029,0.0403
20180214,0.9442,1.4279,0.0191,0.0241
20180219,0.9326,1.1556,-0.0285,0.039
20180220,0.9146,0.7627,-0.0133,0.0196
20180221,0.9132,0.9682,0,0.0157
20180222,0.9041,0.667,-0.0106,0.0106
20180223,0.9139,0.9317,0.0098,0.0222
20180226,0.918,0.7193,0.0021,0.0102
20180227,0.9192,0.7394,-0.0203,0.0207
20180228,0.9138,1.142,-0.0068,0.0232
20180302,0.8945,0.9973,-0.012,0.0172
20180305,0.8797,1.0584,-0.0135,0.0236
20180306,0.9158,1.1555,0.024,0.0279
20180307,0.9478,1.6042,0.0087,0.0349
20180308,0.9601,1.4509,0,0.0285
20180309,0.9716,1.066,0.0061,0.0263
20180312,0.9724,0.6494,-0.0162,0.0237
20180313,1.0104,1.4907,0.0177,0.0256
20180314,1.0129,0.9414,0.0145,0.0196
20180315,1.0093,0.6584,-0.0088,0.0192
20180316,1.0018,0.9031,-0.0016,0.023
20180319,0.9946,0.609,0.0024,0.0178
20180320,1.0042,0.6072,0.0099,0.0217
20180321,1.002,0.6585,-0.0139,0.0139
20180322,1.0166,0.6239,0.0141,0.0145
20180323,0.9766,1.0922,-0.0123,0.0222
20180326,0.9882,0.738,0.0174,0.0251
20180327,0.9831,0.869,-0.0068,0.0274
20180328,0.9591,1.108,-0.0081,0.0155
20180329,0.9674,0.7382,0.007,0.0255
20180330,0.9724,0.5715,0.0029,0.0167
20180402,0.9605,0.524,-0.0094,0.0147
20180403,0.9537,0.9376,0.005,0.018
20180404,0.9316,0.9061,-0.0257,0.0278
20180405,0.9693,0.9658,0.0283,0.043
20180406,0.9641,0.9135,0.0083,0.0246
20180409,0.9814,0.7236,0.0195,0.0257
20180410,0.9765,0.7975,0.007,0.0243
20180411,0.9775,0.728,-0.0208,0.0261
20180412,0.9815,0.9005,-0.0089,0.0113
20180413,0.9987,0.7411,0.004,0.0157
20180416,1.0107,0.5691,0.0004,0.0147
20180417,1.0045,0.5622,-0.0052,0.0143
20180418,1.033,0.9717,0.0071,0.0153
20180419,1.0623,1.2325,0.015,0.0277
20180420,1.0397,0.8399,-0.0035,0.0162
20180423,1.0461,0.8256,0.0176,0.0212
20180424,1.0175,1.1225,-0.0266,0.0343
20180425,1.0169,1.1799,0.024,0.026
20180426,1.0521,1.274,0.0341,0.0349
20180427,1.069,2.1387,-0.0071,0.0225
20180430,1.0685,0,0,0
20180502,1.0682,0,0,0
20180503,1.0678,0,0,0
20180504,1.0452,2.8084,-0.0208,0.0396
20180508,1.0589,1.6261,0,0.0247
20180509,1.0249,1.1312,-0.0323,0.0361
20180510,1.0391,0.9714,-0.0019,0.0213
20180511,1.0332,0.7198,-0.0135,0.0192
20180514,1.0093,1.0378,-0.0176,0.0235
20180515,0.9915,1.3038,-0.0199,0.0259
20180516,1.0048,1.1085,0.0132,0.0213
20180517,0.9961,0.7203,-0.0179,0.0219
20180518,0.9985,0.4678,-0.008,0.011
20180521,1.0088,0.6297,0.007,0.0222
20180523,1.0445,1.192,0.0237,0.0316
20180524,1.0361,0.5792,-0.0115,0.0173
20180525,1.0613,1.0631,0.0333,0.0392
20180528,1.0527,0.6847,-0.0038,0.019
20180529,1.0325,0.5935,-0.0172,0.023
20180530,0.9965,1.4225,-0.0351,0.0468
20180531,1.0209,4.2484,0.006,0.0188
20180601,1.0329,0.8717,0.0158,0.0347
20180604,1.0291,0.6528,0.0059,0.0098
20180605,1.0333,0.6109,0.0039,0.0196
20180607,1.0192,0.9106,-0.0232,0.0251
20180608,0.9998,1.1371,-0.011,0.0159
20180611,1.0045,0.7161,0.003,0.0191
20180612,0.9942,0.8289,-0.006,0.0111
20180614,0.9702,1.4247,-0.0163,0.0163
20180615,0.9595,1.163,-0.0175,0.0216
20180618,0.939,1.1302,-0.021,0.0305
20180619,0.9476,1.032,-0.0042,0.018
20180620,0.948,0.8766,-0.0095,0.0158
20180621,0.9493,0.6786,-0.0177,0.0177
20180622,0.9537,0.6993,0.0053,0.0223
20180625,0.9421,0.7185,-0.0085,0.0191
20180626,0.9498,0.7615,0.024,0.0305
20180627,0.9695,1.033,0.0105,0.0316
20180628,0.9471,0.8641,-0.0011,0.0117
20180629,0.9447,0.9518,0.0086,0.0205
20180702,0.9232,0.917,-0.0204,0.0355
20180703,0.9361,0.7755,0.0087,0.0153
20180704,0.9384,0.6302,-0.0096,0.0214
20180705,0.9327,0.5133,-0.0033,0.0206
20180706,0.9118,1.3026,-0.0132,0.0264
20180709,0.9261,0.8544,0.0022,0.0198
20180710,0.9402,0.7826,0.0022,0.0097
20180711,0.9339,0.8382,-0.0086,0.0226
20180712,0.9238,0.8859,-0.0087,0.0174
20180713,0.9443,0.8694,0.0153,0.0164
20180716,0.9357,0.5833,-0.016,0.0171
20180717,0.9321,0.6788,-0.0065,0.013
20180718,0.9465,0.8355,-0.0032,0.0161
20180719,0.9537,0.7554,-0.0032,0.0128
20180720,0.9647,0.7999,0.0096,0.0191
20180723,0.9456,0.8276,-0.0127,0.0223
20180724,0.9387,0.6323,-0.0043,0.014
20180725,0.9389,0.5539,-0.0022,0.0141
20180726,0.9542,0.569,0.0174,0.0217
20180727,0.954,0.3698,0.0097,0.0118
20180730,0.9457,0.4474,-0.0011,0.0097
20180731,0.9407,0.6316,0.0011,0.0097
20180801,0.9472,0.595,0.0109,0.0174
20180802,0.9276,0.6865,-0.0215,0.0279
20180803,0.9324,0.6668,-0.0022,0.0098
20180806,0.9342,0.5465,-0.0076,0.0087
20180807,0.9535,0.7376,0.0086,0.0184
20180808,0.9565,0.5262,-0.0043,0.0096
20180809,0.9594,0.9805,-0.0021,0.0128
20180810,0.9299,1.356,-0.0163,0.0336
20180813,0.9238,0.7964,0.0022,0.01
20180814,0.927,0.5214,0.0067,0.0123
20180816,0.9097,0.8199,0.0103,0.0217
20180817,0.9081,0.5541,0.0011,0.0079
20180820,0.904,0.5969,0.008,0.0161
20180821,0.9247,0.7799,0.0252,0.0275
20180822,0.9523,0.9539,0.021,0.0288
20180823,0.9548,0.5554,0.0011,0.0108
20180824,0.9544,0.5447,0.0054,0.0185
20180827,0.9581,0.4365,0.0043,0.0119
20180828,0.9636,0.6107,-0.0053,0.0139
20180829,0.9691,0.4647,0.0011,0.0086
20180830,0.9865,1.0171,0.0149,0.0266
20180831,1.0031,1.1322,0.0287,0.0308
20180903,0.9826,0.7191,-0.0156,0.0207
20180904,0.9871,0.5697,0.0021,0.0126
20180905,0.9658,0.7679,-0.0148,0.0222
20180906,0.956,0.7602,-0.0022,0.013
20180907,0.9319,1.5301,0.009,0.018
20180910,0.9452,0.8353,0.0011,0.0121
20180911,0.9369,0.8244,-0.011,0.0187
20180912,0.9275,1.0812,-0.0078,0.0134
20180913,0.9185,1.5146,-0.0112,0.0168
20180914,0.9574,1.0354,0.0189,0.0211
20180917,0.9441,0.6779,-0.0088,0.0198
20180918,0.9527,0.8345,0.0122,0.0267
20180919,0.9671,0.7869,0.0033,0.0109
20180920,0.9909,1.1402,0.0085,0.0256
20180921,0.995,1.223,0.0183,0.0215
20180927,0.9982,1.3517,0.0117,0.0224
20180928,0.9775,0.9547,-0.0169,0.0201
20181001,0.9768,0.5355,-0.0022,0.0215
20181002,0.9646,0.5536,-0.0161,0.0215
20181004,0.9449,1.0178,-0.01,0.0199
20181005,0.9465,0.9144,-0.0022,0.0212
20181008,0.953,0.591,0.017,0.0226
20181010,0.9617,0.9069,0.0011,0.0221
20181011,0.9166,1.6815,-0.0205,0.0352
20181012,0.9369,1.1021,0.0185,0.0336
20181015,0.9337,0.6546,-0.0057,0.0159
20181016,0.9307,0.6059,-0.0023,0.0183
20181017,0.9435,0.7386,0,0.0113
20181018,0.9425,0.7412,0.0023,0.0171
20181019,0.9405,0.6971,0,0.0159
20181022,0.9346,0.7487,0.0023,0.0173
20181023,0.9256,0.8529,-0.0058,0.0208
20181024,0.9168,1.2119,-0.0116,0.0197
20181025,0.8856,1.7183,0.0099,0.0246
20181026,0.8875,1.2741,-0.0024,0.0219
20181029,0.8978,1.285,0.0135,0.0343
20181030,0.9201,1.3202,0.0229,0.0483
20181031,0.9229,1.6307,-0.0117,0.0385
20181101,0.9193,1.238,-0.0071,0.0188
20181102,0.9644,1.5131,0.0256,0.0337
20181105,0.9582,0.8669,0.0011,0.0206
20181106,0.9583,0.7154,0,0.0194
20181107,0.965,1.0706,0.0092,0.0252
20181108,0.9673,1.1686,-0.0189,0.0223
20181109,0.9736,0.6865,-0.0034,0.0214
20181112,0.9939,0.8087,0.0308,0.0353
20181113,0.979,0.8866,0.0137,0.0251
20181114,0.9708,0.6512,-0.009,0.0157
20181115,0.9747,0.5668,0.0045,0.0193
20181116,0.9698,0.7533,-0.0135,0.0235
20181119,0.9629,0.7322,-0.0091,0.0182
20181120,0.9449,0.916,0.0082,0.0212
20181121,0.9305,1.0476,0.0072,0.012
20181122,0.9393,0.5861,0.0107,0.0155
20181123,0.9392,0.5135,-0.0012,0.0165
20181126,0.9444,0.6589,0.0107,0.0166
20181127,0.9549,0.8376,0.0035,0.014
20181128,0.9578,0.6979,0.0082,0.0105
20181129,0.9585,0.852,-0.016,0.0217
20181130,0.9304,1.9632,-0.0368,0.0518
20181203,0.9619,1.2092,0.0117,0.0234
20181204,0.9382,1.4286,-0.0117,0.0234
20181205,0.9236,1.2551,0.0134,0.022
20181206,0.9035,1.4118,-0.0025,0.016
20181207,0.9145,1.133,0.0012,0.0134
20181210,0.899,1.471,-0.0062,0.0161
20181211,0.9013,1.0478,-0.0086,0.0123
20181212,0.9069,1.1806,0.005,0.0137
20181213,0.8981,2.5396,-0.016,0.0185
20181214,0.8761,1.885,-0.0311,0.0373
20181217,0.8822,1.104,0.0129,0.0246
20181218,0.8781,1.0568,0.0157,0.0235
20181219,0.884,0.95,0.0051,0.0129
20181220,0.8753,1.1355,0.0013,0.0155
20181221,0.877,1.4116,0.0118,0.0144
20181224,0.882,0.9146,0.0078,0.0195
20181226,0.8734,1.1868,-0.0013,0.0117
20181227,0.8727,0.9793,-0.0116,0.0181
20181228,0.8846,0.9204,0.0118,0.0183
20190102,0.8871,0.73,-0.0165,0.0216
20190103,0.8623,1.1557,-0.0183,0.0287
20190104,0.8606,1.2986,0,0.02
20190107,0.8921,1.1694,0.0197,0.0289
20190108,0.8789,1.1634,0.0026,0.0329
20190109,0.915,1.5838,0.0246,0.0336
20190110,0.9208,1.3392,-0.005,0.0138
20190111,0.938,1.0583,0.0037,0.0149
20190114,0.9287,1.0822,-0.0099,0.021
20190115,0.9537,1.0364,0.0262,0.0312
20190116,0.9624,0.7646,0.0073,0.0182
20190117,0.9745,1.0526,0.006,0.0156
20190118,0.9832,0.9878,0.0071,0.0107
20190121,0.9944,1.0173,0.0012,0.0199
20190122,0.9814,0.8901,-0.014,0.0234
20190123,0.9788,0.985,0.0157,0.0218
20190124,1.0041,1.3012,0,0.0174
20190125,1.0441,1.9837,0.0102,0.0226
20190128,1.0516,1.5499,0.0011,0.02
20190129,1.0626,1.3915,0.01,0.0255
20190130,1.0841,1.4972,0.0357,0.0357
20190131,1.0786,1.8288,-0.0107,0.0193
20190201,1.0836,1.1631,-0.0064,0.015
20190207,1.0802,1.3271,-0.0128,0.0192
20190208,1.0478,1.0577,-0.0197,0.023
20190211,1.0525,0.9329,0.0112,0.0169
20190212,1.0769,1.1026,0.0314,0.0358
20190213,1.0801,0.9439,-0.0043,0.0151
20190214,1.1097,1.4366,0.0193,0.029
20190215,1.0754,0.8842,-0.015,0.0257
20190218,1.0788,0.688,-0.0065,0.0215
20190219,1.0727,0.5674,0.0022,0.0153
20190220,1.0945,0.9673,0.0032,0.0128
20190221,1.0955,0.7313,0.0097,0.0215
20190222,1.1002,0.5833,0.014,0.0151
20190225,1.1049,0.6369,-0.0011,0.0105
20190226,1.0911,0.684,-0.0127,0.0201
20190227,1.091,0.691,-0.0053,0.0106
20190228,1.0528,1.995,-0.028,0.0302
20190304,1.0472,1.0883,-0.025,0.0283
20190305,1.0333,0.8944,-0.0078,0.0213
20190306,1.0276,0.8601,0,0.0136
20190307,1.0382,0.9282,0.0242,0.0357
20190308,1.0234,0.6507,-0.0146,0.0225
20190311,1.0198,0.9089,-0.0169,0.018
20190312,1.043,0.9704,0.0079,0.0181
20190313,1.0243,0.6879,-0.009,0.0169
20190314,1.0242,1.516,0.0034,0.0172
20190315,1.0324,1.403,0.0091,0.0126
20190318,1.0208,0.6834,-0.0057,0.0159
20190319,1.0255,0.6352,0.0034,0.008
20190320,1.0288,0.8209,0.0057,0.0251
20190321,1.0702,1.7453,0.028,0.0493
20190322,1.0855,1.0359,-0.0064,0.016
20190325,1.0599,0.7253,0.0044,0.0188
20190326,1.053,0.8143,-0.0055,0.0176
20190327,1.0544,0.8041,0.0134,0.0302
20190328,1.0422,0.5768,-0.0022,0.02
20190329,1.037,0.9769,0.0034,0.0157
20190401,1.0456,0.6291,-0.0033,0.0133
20190402,1.0614,0.815,0.0044,0.0165
20190403,1.0804,1.0663,-0.0032,0.0203
20190404,1.0877,1.0801,0.0173,0.0206
20190405,1.0847,0.7316,-0.0021,0.0202
20190408,1.0794,0.7308,-0.0127,0.0233
20190409,1.0788,0.5911,-0.0011,0.0161
20190410,1.0796,1.0183,0.0065,0.014
20190411,1.0688,1.1693,-0.0096,0.0139
20190412,1.082,0.6542,0.0174,0.0195
20190415,1.0859,0.7431,-0.0021,0.0106
20190416,1.0897,0.6579,-0.0032,0.0127
20190417,1.0842,0.47,-0.0053,0.0127
20190418,1.0501,1.0887,-0.0339,0.0371
20190419,1.0425,0.7222,-0.0098,0.0164
20190422,1.0429,0.5116,-0.0011,0.0176
20190423,1.0388,0.5885,0.0033,0.0111
20190424,1.0279,1.1245,-0.0143,0.033
20190425,1.0253,0.9171,0.009,0.0203
20190426,1.0294,0.8199,0.0147,0.0271
20190429,1.0586,0.7387,0.0221,0.0233
20190430,1.0507,0.9428,-0.0033,0.0207
20190502,1.0512,0.7334,0.0088,0.0165
20190503,1.0367,0.5617,-0.0131,0.0163
20190507,1.0256,1.0289,-0.0088,0.0199
20190508,1.0111,0.8935,-0.0011,0.0147
20190509,0.9696,1.9592,-0.033,0.041
20190510,0.9793,1.2407,0.007,0.0235
20190513,0.973,0.6514,0.0035,0.02
20190514,0.9725,0.9869,0.0327,0.0436
20190515,0.9697,0.6652,-0.0035,0.0117
20190516,0.9463,1.1933,-0.0189,0.0248
20190517,0.9379,1.1626,-0.0179,0.0286
20190520,0.9555,1.3655,0.0084,0.0132
20190521,0.9807,1.6182,0.0129,0.0376
20190522,0.9876,0.9498,-0.0046,0.032
20190523,0.9944,1.0578,-0.0011,0.0171
20190524,0.9674,1.2007,-0.0251,0.032
20190527,0.9654,0.6963,0.0035,0.0153
20190528,0.9622,2.0901,0,0.0188
20190529,0.9445,1.268,-0.0012,0.0191
20190530,0.9607,0.9959,0.0083,0.013
20190531,0.9585,0.9629,-0.0023,0.0153
20190603,0.9864,1.3088,0.0198,0.0326
20190604,0.9775,0.8409,0.0012,0.0161
20190605,0.9863,1.0576,-0.0034,0.0114
20190607,0.992,0.9962,0.0138,0.0206
20190610,1.0043,0.7535,0.0113,0.0181
20190611,1.0045,0.5736,0.0011,0.01
20190612,0.9979,0.743,-0.0045,0.0167
20190613,0.9783,1.4526,-0.0102,0.0226
20190614,0.9833,0.8004,0.0057,0.0194
20190617,0.9807,1.0207,0.0034,0.0149
20190618,0.9902,0.6881,0.0137,0.0194
20190619,1.012,0.8974,-0.0022,0.0099
20190620,1.0146,0.6172,0.0145,0.0145
20190621,1.0182,0.8176,-0.0011,0.0131
20190624,1.0132,0.5301,0.0066,0.0133
20190625,1.0152,0.6251,0.0088,0.0133
20190626,1.0173,0.8213,-0.0022,0.0087
20190627,1.0349,1.1256,0.0109,0.0185
20190628,1.0459,1.1612,0,0.0064
20190701,1.0369,1.0302,-0.0158,0.0243
20190702,1.0291,0.7697,0.0011,0.0227
20190703,1.0104,0.8844,-0.0077,0.0251
20190704,1.0235,0.5856,0.0166,0.021
20190705,1.0155,0.668,-0.0065,0.0152
20190708,0.9881,0.7259,-0.0078,0.0101
20190709,1.0039,0.7119,0.0056,0.0167
20190710,1.0143,0.868,0,0.0143
20190711,1.0288,1.0304,-0.0032,0.0086
20190712,1.031,0.4932,-0.0011,0.0129
20190715,1.0342,0.4443,0.0109,0.0196
20190716,1.0431,0.7005,0.0086,0.0118
20190717,1.0255,0.4949,-0.0022,0.0087
20190718,1.0269,0.4888,-0.0075,0.0172
20190719,1.0426,0.8371,0.0032,0.0075
20190722,1.0514,0.8542,0.0085,0.015
20190723,1.0535,0.8584,-0.0011,0.0106
20190724,1.0332,0.8413,-0.0149,0.0191
20190725,1.0504,0.8114,0.0011,0.0127
20190726,1.0486,0.7618,0.0107,0.0129
20190729,1.0248,0.6656,-0.015,0.0224
20190730,1.0343,0.5417,0.0054,0.0119
20190731,1.0073,1.2499,-0.0184,0.0346
20190801,1.0036,0.7606,0.0067,0.0145
20190802,0.998,1.1824,0.009,0.0269
20190805,0.9758,1.3749,-0.009,0.0225
20190806,0.9659,1.4633,0.0235,0.0306
20190807,0.9594,0.9768,-0.0092,0.0183
20190808,0.9474,1.639,-0.0139,0.0197
20190809,0.9587,0.9359,-0.0023,0.0069
20190812,0.971,0.8192,-0.0068,0.0102
20190813,0.956,0.7137,-0.0115,0.0126
20190814,0.9722,0.8614,-0.0046,0.0171
20190816,0.977,0.9372,0.0023,0.0137
20190819,0.9707,0.5937,-0.0169,0.0192
20190820,0.9898,0.8336,0.0114,0.0239
20190821,0.991,0.6497,0.0034,0.0147
20190822,0.9811,0.7996,-0.0101,0.0191
20190823,0.9791,0.4989,0.0034,0.0126
20190826,0.9718,0.7921,0.0128,0.0197
20190827,0.9824,1.6738,0.0092,0.0137
20190828,0.9852,0.5748,0.0011,0.0147
20190829,0.9692,1.0726,-0.0181,0.026
20190830,0.9832,0.9846,0.0057,0.0126
20190902,0.9794,0.7145,-0.0234,0.0268
20190903,0.9678,0.974,-0.0069,0.0126
20190904,0.9873,1.2413,0.0197,0.022
20190905,1.0234,1.8063,0.0201,0.0368
20190906,1.037,0.9758,-0.0043,0.014
20190909,1.0506,0.9287,0.0097,0.0151
20190910,1.0528,0.9055,-0.0021,0.0138
20190911,1.0558,1.578,-0.0032,0.0127
20190916,1.0543,1.5098,0.0021,0.0149
20190917,1.0494,0.6796,-0.0021,0.0064
20190918,1.0667,1.0066,0.0171,0.0192
20190919,1.0981,1.5864,0.0229,0.0281
20190920,1.0981,1.4834,-0.004,0.0101
20190923,1.0992,0.7277,0.001,0.0061
20190924,1.1028,0.7575,0.0092,0.0163
20190925,1.0887,0.8858,-0.0061,0.0112
20190926,1.0946,0.8191,0.0041,0.0071
20190927,1.0761,0.7749,0.0083,0.0146
20190930,1.0895,0.9167,0.0208,0.0281
20191001,1.0839,0.6014,-0.001,0.0092
20191002,1.055,0.8241,-0.0155,0.0165
20191004,1.0627,0.9221,0.0127,0.0274
20191007,1.0559,0.6968,-0.0124,0.0217
20191008,1.0799,1.4042,0.0209,0.0292
20191010,1.0707,1.8185,0.0073,0.0249
20191011,1.0821,0.7637,0.0031,0.0133
20191014,1.0987,1.0946,0,0.009
20191015,1.099,0.6015,0.004,0.006
20191016,1.1103,0.9159,0,0.0099
20191017,1.1042,0.6747,0,0.0099
20191018,1.0897,0.8574,-0.008,0.0249
20191021,1.0966,0.4497,0.008,0.012
20191022,1.1141,1.1091,0.0079,0.0157
20191023,1.112,0.8961,-0.0019,0.0136
20191024,1.099,2.1772,-0.0343,0.0381
20191025,1.1014,0.813,0.002,0.0138
20191028,1.1079,0.667,0.0118,0.0158
20191029,1.1019,0.7927,-0.0058,0.0175
20191030,1.0852,0.9377,-0.0059,0.0118
20191031,1.0836,1.081,-0.0118,0.0216
20191101,1.0992,0.8913,0.0119,0.0158
20191104,1.121,1.3636,0.0116,0.0174
20191105,1.1277,1.1043,0.0057,0.0115
20191106,1.1384,1.4898,0.0076,0.0151
20191107,1.1276,0.968,-0.0094,0.0187
20191108,1.1087,1.2105,-0.0207,0.0244
20191111,1.0962,0.8573,-0.0115,0.0153
20191112,1.1155,0.6897,0.0154,0.0193
20191113,1.1117,0.6558,0,0.0095
20191114,1.1163,1.2587,0.0173,0.0173
20191115,1.1335,1.0167,0.0151,0.0208
20191118,1.1273,0.8103,-0.0019,0.0112
20191119,1.1255,0.9299,0.0056,0.015
20191120,1.0925,1.3067,-0.0262,0.0262
20191121,1.0704,1.485,-0.0116,0.0291
20191122,1.082,0.8846,0.0118,0.0137
20191125,1.085,0.9466,-0.0077,0.0172
20191126,1.0838,2.8074,-0.0019,0.0212
20191127,1.0906,0.7757,0.0077,0.0135
20191128,1.0706,0.7021,-0.0116,0.0154
20191129,1.0487,1.1439,-0.0176,0.0234
20191202,1.0495,1.91,-0.0098,0.0177
20191203,1.038,1.2148,0.002,0.0161
20191204,1.0278,1.329,-0.003,0.0171
20191205,1.0281,1.049,-0.0139,0.0179
20191206,1.0459,1.1388,0.006,0.019
20191209,1.0615,0.8419,0.0059,0.0138
20191210,1.0667,0.6844,0.0098,0.0176
20191211,1.0737,1.1247,0.0078,0.0155
20191212,1.101,2.817,0.0057,0.0113
20191213,1.1281,1.7338,0.0037,0.0165
20191216,1.1263,1.0989,0.0037,0.011
20191217,1.1653,1.8299,0.0161,0.0233
20191218,1.1547,1.4613,-0.0071,0.0212
20191219,1.1465,1.3247,-0.0175,0.0316
20191220,1.1444,1.1255,-0.0018,0.016
20191223,1.132,0.913,-0.0107,0.0232
20191224,1.1199,1.0949,-0.0108,0.0162
20191226,1.1257,0.8924,0.0128,0.0183
20191227,1.1454,1.1346,0.0144,0.0251
20191230,1.1288,0.7727,-0.0071,0.016
20200102,1.1141,1.2028,-0.0054,0.018
20200103,1.1174,1.4272,-0.0089,0.0304
20200106,1.1147,0.951,0.0109,0.0182
20200107,1.1178,0.932,0.0018,0.0144
20200108,1.1347,2.1605,0.0107,0.0267
20200109,1.1672,2.1844,0.0034,0.0205
20200110,1.1812,1.4387,0.0119,0.0238
20200113,1.1873,1.019,0.0067,0.0151
20200114,1.1835,1.5066,-0.0066,0.0182
20200115,1.1603,1.2651,-0.0084,0.0118
20200116,1.1899,1.2656,0.0271,0.0288
20200117,1.1977,1.3986,-0.0097,0.0162
20200120,1.2149,1.0892,0.0065,0.0177
20200121,1.1914,0.9636,-0.0097,0.0194
20200122,1.2044,1.3181,0.0298,0.0364
20200123,1.1716,1.2839,-0.0162,0.0178
20200128,1.1299,2.0059,-0.0101,0.0185
20200129,1.1323,1.3874,0,0.0152
20200130,1.0931,1.7405,-0.0272,0.034
20200131,1.0752,1.6337,-0.0242,0.0346
20200203,1.0876,1.9618,0.0306,0.0396
20200204,1.1168,1.7688,0.0315,0.0385
20200205,1.1252,1.563,-0.0083,0.0217
20200206,1.1522,1.1893,0.0166,0.0233
20200207,1.1361,1.3172,-0.0115,0.0245
20200210,1.1203,1.0493,0.0084,0.0118
20200211,1.1214,0.8899,0.0017,0.0167
20200212,1.1298,1.0395,0.0033,0.0166
20200213,1.1306,1.4726,-0.0082,0.018
20200214,1.1481,1.0573,0.0148,0.0279
20200217,1.1399,0.7004,-0.0016,0.013
20200218,1.1062,1.3348,-0.0164,0.0197
20200219,1.1113,1.0323,0.0067,0.0167
20200220,1.1055,1.1569,-0.0115,0.028
20200221,1.0887,1.0884,0.0068,0.0221
20200224,1.0431,1.9974,-0.0105,0.0226
20200225,1.0615,1.8389,0.0302,0.032
20200226,1.0344,1.9381,0.0089,0.0179
20200227,1.0221,1.7426,-0.0071,0.0249
20200228,0.9898,2.2204,-0.0145,0.0236
20200302,1.0031,2.2118,0.0129,0.035
20200303,1.009,2.1697,-0.0229,0.0317
20200304,1.0438,1.7584,0.0474,0.0547
20200305,1.0493,1.5373,0.0035,0.0226
20200306,1.0244,1.3159,0,0.0177
20200309,0.9819,2.0993,-0.0091,0.0256
20200310,0.9884,2.1877,0.0149,0.0223
20200311,0.9429,3.0387,-0.0405,0.0442
20200312,0.9193,3.1153,-0.0039,0.051
20200313,0.9039,3.7244,0.0527,0.1001
20200316,0.8851,2.051,-0.024,0.0419
20200317,0.8568,3.0746,0.0085,0.0629
20200318,0.8268,2.3656,-0.045,0.0576
20200319,0.7799,3.2847,-0.0744,0.0938
20200320,0.8252,2.8018,0.0283,0.0442
20200323,0.7737,2.3037,-0.0023,0.027
20200324,0.8553,2.6885,0.0707,0.0889
20200325,0.8866,2.7812,-0.0061,0.0501
20200326,0.8715,2.188,-0.0245,0.0327
20200327,0.8811,2.0361,-0.0262,0.0575
20200330,0.8736,1.358,0.017,0.0383
20200331,0.8726,1.5378,-0.0052,0.0281
20200401,0.8381,1.3587,-0.0348,0.0443
20200402,0.8573,1.0711,0.013,0.0325
20200403,0.8618,1.1225,-0.0084,0.0222
20200406,0.8935,1.144,0.0253,0.0326
20200407,0.9105,1.5229,-0.001,0.0242
20200408,0.8928,1.1974,-0.0202,0.0232
20200409,0.9026,1.0779,-0.0131,0.0221
20200410,0.906,0.8465,0.0061,0.0123
20200413,0.8894,0.6826,-0.0072,0.0123
20200414,0.9031,0.6703,0.0041,0.0184
20200416,0.9036,1.0961,-0.0071,0.0162
20200417,0.9477,1.4917,0.0118,0.0335
20200420,0.924,1.0117,-0.0253,0.0272
20200421,0.9088,1.2574,-0.003,0.0202
20200422,0.9202,0.8574,0.0236,0.0339
20200423,0.9206,0.8594,-0.007,0.0159
20200424,0.9117,0.7128,-0.006,0.0151
20200427,0.921,0.6404,0.0101,0.0182
20200428,0.9257,0.7346,0.005,0.016
20200429,0.9238,0.711,0.002,0.018
20200504,0.8962,1.1816,-0.0082,0.0123
20200506,0.9092,0.8158,0.0041,0.0143
20200507,0.9021,0.6261,-0.0081,0.0122
20200508,0.9025,0.6887,-0.0061,0.0112
20200511,0.8956,0.7323,-0.0102,0.0194
20200512,0.887,1.0434,-0.0103,0.0196
20200513,0.8999,0.9041,0.0275,0.0286
20200514,0.8908,0.8626,0.0052,0.0094
20200515,0.8891,0.8224,-0.0114,0.0155
20200518,0.9081,0.9118,0.0177,0.0313
20200519,0.9371,1.1157,0.004,0.016
20200520,0.9325,0.6602,0,0.008
20200521,0.9326,0.6616,-0.007,0.0109
20200522,0.9114,0.8684,-0.0171,0.0242
20200525,0.9143,0.6311,0.0021,0.0092
20200526,0.9228,0.6643,0.0113,0.0175
20200527,0.9362,0.8557,0.0194,0.0245
20200528,0.9465,1.3569,-0.0137,0.0254
20200529,0.953,1.1885,0.014,0.02
20200601,0.9631,0.7295,0.0079,0.0118
20200602,0.9676,0.6122,0.0078,0.0137
20200603,1.0262,2.0812,0.0521,0.0637
20200604,1.0286,1.6875,-0.0215,0.043
20200605,1.0461,0.9548,0.0202,0.0349
20200608,1.0357,1.0718,-0.0266,0.0319
20200609,1.0479,0.9981,-0.0054,0.0376
20200610,1.0469,0.6964,0.0054,0.0181
20200611,1.0271,1.3952,-0.0037,0.0349
20200612,0.9908,1.1072,0.0038,0.025
20200615,0.9474,1.1748,-0.0292,0.0409
20200616,0.9911,0.8713,0.0176,0.0293
20200617,0.9947,1.0733,0.0019,0.0307
20200618,0.9985,0.6393,0.0019,0.0134
20200619,1.0115,0.7053,0.0057,0.0247
20200622,0.9956,0.5491,0,0.0154
20200623,0.9856,0.7263,-0.021,0.0324
20200624,1.0152,0.9861,0.0193,0.0443
20200625,0.9969,0.7501,-0.0038,0.0211
20200626,1.0245,0.8672,0.0095,0.0322
20200629,1.0085,0.7179,-0.0019,0.0229
20200630,1.0175,0.8533,-0.0204,0.0204
20200701,1.0153,0.6731,-0.015,0.0225
20200702,1.0226,0.5392,0.0154,0.0154
20200703,1.0373,0.4794,0.0113,0.017
20200706,1.0654,0.7971,0.0185,0.0222
20200707,1.0358,1.219,-0.043,0.0448
20200708,1.0296,0.7782,-0.0112,0.0187
20200709,1.0275,0.6684,-0.0075,0.015
20200710,1.0274,0.5453,-0.0075,0.0169
20200713,1.0423,0.4805,0.0019,0.0131
20200714,1.0514,0.5678,0.0019,0.0112
20200715,1.0701,0.8792,0.0055,0.0129
20200716,1.0536,0.5993,-0.0182,0.0182
20200717,1.0659,0.4044,0.0037,0.0111
20200720,1.0627,0.4232,-0.0109,0.0146
20200721,1.0845,0.7346,0.0018,0.0109
20200722,1.073,0.5119,-0.0108,0.0145
20200723,1.0613,0.6491,-0.011,0.0165
20200724,1.0634,0.4483,0.0037,0.013
20200727,1.0908,0.8586,0.0239,0.0258
20200728,1.1494,1.9629,0.0281,0.0421
20200729,1.157,1.4819,-0.0216,0.0299
20200730,1.1564,0.7833,-0.0117,0.0184
20200731,1.134,0.891,-0.0269,0.0319
20200803,1.112,0.8613,-0.0173,0.0208
20200804,1.1207,0.8009,0.0017,0.0192
20200805,1.1115,0.7435,-0.007,0.0209
20200806,1.1312,0.921,0.0158,0.0228
20200807,1.1196,0.8035,-0.0069,0.0225
20200810,1.1232,0.7727,0.0035,0.0139
20200811,1.1282,1.0901,0.0034,0.0293
20200812,1.1401,0.8268,0.0137,0.0223
20200813,1.1314,0.9955,-0.0118,0.0269
20200814,1.1146,0.7147,0,0.0121
20200818,1.1198,1.1671,-0.0085,0.0323
20200819,1.1064,0.7939,-0.0203,0.0237
20200820,1.0589,1.4328,-0.0382,0.0399
20200821,1.0669,1.0058,-0.0053,0.0196
20200824,1.069,0.7203,0.0054,0.0215
20200825,1.073,0.6762,0,0.0124
20200826,1.0708,0.8552,0,0.0142
20200827,1.0539,0.7868,-0.0124,0.0124
20200828,1.0484,0.713,-0.0125,0.016
20200831,1.0209,1.5862,-0.0357,0.0375
